电影名称,电影别名,电影导演,上映时间,上映国家,分类,评分,评价人数
肖申克的救赎, / 月黑高飞(港)  /  刺激1995(台),弗兰克·德拉邦特 Frank Darabont,1994,美国,犯罪 剧情,9.7,1599301
霸王别姬, / 再见，我的妾  /  Farewell My Concubine,陈凯歌 Kaige Chen,1993,中国大陆 中国香港,剧情 爱情 同性,9.6,1182033
阿甘正传, / 福雷斯特·冈普,罗伯特·泽米吉斯 Robert Zemeckis,1994,美国,剧情 爱情,9.5,1243091
这个杀手不太冷, / 杀手莱昂  /  终极追杀令(台),吕克·贝松 Luc Besson,1994,法国,剧情 动作 犯罪,9.4,1435055
美丽人生, / 一个快乐的传说(港)  /  Life Is Beautiful,罗伯托·贝尼尼 Roberto Benigni,1997,意大利,剧情 喜剧 爱情 战争,9.5,727376
泰坦尼克号, / 铁达尼号(港 / 台),詹姆斯·卡梅隆 James Cameron,1997,美国,剧情 爱情 灾难,9.4,1183807
千与千寻, / 神隐少女(台)  /  千与千寻的神隐,宫崎骏 Hayao Miyazaki,2001,日本,剧情 动画 奇幻,9.3,1274919
辛德勒的名单, / 舒特拉的名单(港)  /  辛德勒名单,史蒂文·斯皮尔伯格 Steven Spielberg,1993,美国,剧情 历史 战争,9.5,643371
盗梦空间, / 潜行凶间(港)  /  全面启动(台),克里斯托弗·诺兰 Christopher Nolan,2010,美国 英国,剧情 科幻 悬疑 冒险,9.3,1224773
忠犬八公的故事, / 忠犬小八(台)  /  秋田犬八千(港),莱塞·霍尔斯道姆 Lasse Hallström,2009,美国 英国,剧情,9.3,823326
机器人总动员, / 瓦力(台)  /  太空奇兵·威E(港),安德鲁·斯坦顿 Andrew Stanton,2008,美国,爱情 科幻 动画 冒险,9.3,812164
三傻大闹宝莱坞, / 三个傻瓜(台)  /  作死不离3兄弟(港),拉库马·希拉尼 Rajkumar Hirani,2009,印度,剧情 喜剧 爱情 歌舞,9.2,1109314
放牛班的春天, / 歌声伴我心(港)  /  唱诗班男孩,克里斯托夫·巴拉蒂 Christophe Barratier,2004,法国 瑞士 德国,剧情 音乐,9.3,773259
海上钢琴师, / 声光伴我飞(港)  /  一九零零的传奇,朱塞佩·托纳多雷 Giuseppe Tornatore,1998,意大利,剧情 音乐,9.2,895869
楚门的世界, / 真人Show(港)  /  真人戏,彼得·威尔 Peter Weir,1998,美国,剧情 科幻,9.2,862242
星际穿越, / 星际启示录(港)  /  星际效应(台),克里斯托弗·诺兰 Christopher Nolan,2014,美国 英国 加拿大 冰岛,剧情 科幻 冒险,9.3,883149
大话西游之大圣娶亲, / 西游记完结篇仙履奇缘  /  齐天大圣西游记,刘镇伟 Jeffrey Lau,1995,中国香港 中国大陆,喜剧 爱情 奇幻 古装,9.2,864186
龙猫, / 邻居托托罗  /  邻家的豆豆龙,宫崎骏 Hayao Miyazaki,1988,日本,动画 奇幻 冒险,9.2,759787
熔炉, / 无声呐喊(港)  /  漩涡,黄东赫 Dong-hyuk Hwang,2011,韩国,剧情,9.3,513191
教父, / Mario Puzo's The Godfather,弗朗西斯·福特·科波拉 Francis Ford Coppola,1972,美国,剧情 犯罪,9.3,552071
无间道, / Infernal Affairs  /  Mou gaan dou,刘伟强 / 麦兆辉,2002,中国香港,剧情 犯罪 悬疑,9.2,709431
疯狂动物城, / 优兽大都会(港)  /  动物方城市(台),拜伦·霍华德 Byron Howard / 瑞奇·摩尔 Rich Moore,2016,美国,喜剧 动画 冒险,9.2,1000817
当幸福来敲门, / 寻找快乐的故事(港)  /  追求快乐,加布里尔·穆奇诺 Gabriele Muccino,2006,美国,剧情 传记 家庭,9.1,898371
怦然心动, / 萌动青春  /  青春萌动,罗伯·莱纳 Rob Reiner,2010,美国,剧情 喜剧 爱情,9.0,1007057
触不可及, / 闪亮人生(港)  /  逆转人生(台),奥利维·那卡什 Olivier Nakache / 艾力克·托兰达 Eric Toledano,2011,法国,剧情 喜剧,9.2,585535
蝙蝠侠：黑暗骑士, / 蝙蝠侠前传2：黑暗骑士  /  黑暗骑士(台),克里斯托弗·诺兰 Christopher Nolan,2008,美国 英国,剧情 动作 科幻 犯罪 惊悚,9.1,582263
乱世佳人, / 飘,维克多·弗莱明 Victor Fleming / 乔治·库克 George Cukor,1939,美国,剧情 历史 爱情 战争,9.3,404036
活着, / 人生  /  Lifetimes,张艺谋 Yimou Zhang,1994,中国大陆 中国香港,剧情 历史 家庭,9.2,458181
控方证人, / 雄才伟略  /  情妇,比利·怀尔德 Billy Wilder,1957,美国,剧情 犯罪 悬疑,9.6,208972
少年派的奇幻漂流, / 少年Pi的奇幻漂流  /  漂流少年Pi,李安 Ang Lee,2012,美国 中国台湾 英国 加拿大,剧情 奇幻 冒险,9.0,875107
摔跤吧！爸爸, / 我和我的冠军女儿(台)  /  打死不离3父女(港),涅提·蒂瓦里 Nitesh Tiwari,2016,印度,剧情 传记 运动 家庭,9.0,881194
指环王3：王者无敌, / 魔戒三部曲：王者再临(台 / 港) ,彼得·杰克逊 Peter Jackson,2003,美国 新西兰,剧情 动作 奇幻 冒险,9.2,442991
鬼子来了, / Devils on the Doorstep,姜文 Wen Jiang,2000,中国大陆,剧情 历史 战争,9.2,371587
天空之城, / Tenkû no shiro Rapyuta  /  Laputa: Castle in the Sky,宫崎骏 Hayao Miyazaki,1986,日本,动画 奇幻 冒险,9.1,518905
十二怒汉, / 12怒汉  /  十二怒汉,Sidney Lumet,1957,美国,剧情,9.4,264401
飞屋环游记, / 冲天救兵(港)  /  天外奇迹(台),彼特·道格特 Pete Docter / 鲍勃·彼德森 Bob Peterson,2009,美国,剧情 喜剧 动画 冒险,9.0,796687
天堂电影院, / 星光伴我心(港)  /  新天堂乐园(台),朱塞佩·托纳多雷 Giuseppe Tornatore,1988,意大利 法国,剧情 爱情,9.2,423855
大话西游之月光宝盒, / 西游记101回月光宝盒  /  齐天大圣东游记,刘镇伟 Jeffrey Lau,1995,中国香港 中国大陆,喜剧 爱情 奇幻 古装,9.0,698075
哈尔的移动城堡, / 呼啸山城  /  霍尔的移动城堡,宫崎骏 Hayao Miyazaki,2004,日本,动画 奇幻 冒险,9.0,585011
寻梦环游记, / 可可夜总会(台)  /  玩转极乐园(港),李·昂克里奇 Lee Unkrich / 阿德里安·莫利纳 Adrian Molina,2017,美国,喜剧 动画 奇幻 音乐,9.1,840922
末代皇帝, / 末代皇帝溥仪(港),贝纳尔多·贝托鲁奇 Bernardo Bertolucci,1987,英国 意大利 中国大陆 法国,剧情 传记 历史,9.2,371468
罗马假日, / 金枝玉叶(港)  /  罗马假期(台),威廉·惠勒 William Wyler,1953,美国,喜剧 剧情 爱情,9.0,591286
搏击俱乐部, / 搏击会(港)  /  斗阵俱乐部(台),大卫·芬奇 David Fincher,1999,美国 德国,剧情 动作 悬疑 惊悚,9.0,553937
闻香识女人, / 女人香  /  女人的芳香,马丁·布莱斯 Martin Brest,1992,美国,剧情,9.0,506660
辩护人, / 逆权大状(港)  /  正义辩护人(台),杨宇硕 Woo-seok Yang,2013,韩国,剧情,9.2,352747
素媛, / 许愿  /  希望：为爱重生(台),李濬益 Jun-ik Lee,2013,韩国,剧情,9.2,336698
窃听风暴, / 窃听者(港)  /  他人的生活,弗洛里安·亨克尔·冯·多纳斯马尔克 Florian Henckel von Donnersmarck  &n...,2006,德国,剧情 悬疑,9.1,348183
死亡诗社, / 暴雨骄阳(港)  /  春风化雨(台),彼得·威尔 Peter Weir,1989,美国,剧情,9.0,424132
两杆大烟枪, / 够姜四小强(港)  /  两根枪管(台),Guy Ritchie,1998,英国,剧情 喜剧 犯罪,9.1,376558
飞越疯人院, / 飞越杜鹃窝(台)  /  飞越喜鹊巢,米洛斯·福尔曼 Miloš Forman,1975,美国,剧情,9.1,380918
指环王2：双塔奇兵, / 魔戒二部曲：双城奇谋  /  指环王II：双塔,彼得·杰克逊 Peter Jackson,2002,美国 新西兰,剧情 动作 奇幻 冒险,9.0,413421
教父2, / 教父续集  /  教父II,弗朗西斯·福特·科波拉 Francis Ford Coppola,1974,美国,剧情 犯罪,9.2,299917
狮子王, / 狮子王3D,Roger Allers / 罗伯·明可夫 Rob Minkoff,1994,美国,动画 冒险 歌舞,9.0,454903
指环王1：魔戒再现, / 魔戒首部曲：魔戒现身  /  指环王I：护戒使者,彼得·杰克逊 Peter Jackson,2001,新西兰 美国,剧情 动作 奇幻 冒险,9.0,464252
何以为家, / 迦百农  /  星仔打官司(港),娜丁·拉巴基 Nadine Labaki,2018,黎巴嫩 法国 美国,剧情,9.1,389454
V字仇杀队, / V煞(港)  /  V怪客(台),詹姆斯·麦克特格 James McTeigue,2005,美国 英国 德国,剧情 动作 科幻 惊悚,8.9,650791
美丽心灵, / 有你终生美丽(港)  /  美丽境界(台),朗·霍华德 Ron Howard,2001,美国,传记 剧情,9.0,454054
饮食男女, / Eat Drink Man Woman,李安 Ang Lee,1994,中国台湾 美国,剧情 家庭,9.1,321786
海豚湾, / 血色海湾(台)  /  海湾,路易·西霍尤斯 Louie Psihoyos,2009,美国,纪录片,9.3,251033
大闹天宫, / 大闹天宫 上下集  /  The Monkey King,万籁鸣 Laiming Wan / 唐澄 Cheng  Tang,2004,中国大陆,动画 奇幻,9.3,198949
哈利·波特与魔法石, / 哈利波特1：神秘的魔法石(港 / 台) ,Chris Columbus,2001,美国 英国,奇幻 冒险,8.9,486798
钢琴家, / 战地琴声(台)  /  战地琴人,罗曼·波兰斯基 Roman Polanski,2002,法国 德国 英国 波兰,剧情 传记 历史 战争 音乐,9.1,300983
情书, / When I Close My Eyes  /  Letters of Love,岩井俊二 Shunji Iwai,1995,日本,剧情 爱情,8.9,556636
本杰明·巴顿奇事, / 奇幻逆缘(港)  /  班杰明的奇幻旅程(台),大卫·芬奇 David Fincher,2008,美国,剧情 爱情 奇幻,8.9,592569
看不见的客人, / 佈局(台)  /  死无对证(港),奥里奥尔·保罗 Oriol Paulo,2016,西班牙,剧情 犯罪 悬疑 惊悚,8.8,657579
黑客帝国, / 廿二世纪杀人网络(港)  /  骇客任务(台),安迪·沃卓斯基 Andy Wachowski / 拉娜·沃卓斯基 Lana Wachowski,1999,美国 澳大利亚,动作 科幻,8.9,448321
西西里的美丽传说, / 真爱伴我行(台)  /  玛莲娜,朱塞佩·托纳多雷 Giuseppe Tornatore,2000,意大利 美国,剧情 战争 情色,8.8,569302
小鞋子, / 天堂的孩子  /  小童鞋,马基德·马基迪 Majid Majidi,1997,伊朗,剧情 儿童 家庭,9.2,225673
让子弹飞, / 让子弹飞一会儿  /  火烧云,姜文 Wen Jiang,2010,中国大陆 中国香港,剧情 喜剧 动作 西部,8.8,962831
拯救大兵瑞恩, / 雷霆救兵(港)  /  抢救雷恩大兵(台),史蒂文·斯皮尔伯格 Steven Spielberg,1998,美国,剧情 历史 战争,9.0,380132
美国往事, / 四海兄弟(台)  /  义薄云天(港),赛尔乔·莱翁内 Sergio Leone,1984,意大利 美国,犯罪 剧情,9.2,254116
猫鼠游戏, / 逍遥法外  /  神鬼交锋(台),史蒂文·斯皮尔伯格 Steven Spielberg,2002,美国 加拿大,传记 犯罪 剧情,8.9,421984
音乐之声, / 仙乐飘飘处处闻(港)  /  真善美(台),罗伯特·怀斯 Robert Wise,1965,美国,剧情 传记 爱情 歌舞,9.0,350851
致命魔术, / 顶尖对决(台)  /  死亡魔法(港),克里斯托弗·诺兰 Christopher Nolan,2006,美国 英国,剧情 悬疑 惊悚,8.8,509857
七宗罪, / 火线追缉令(台)  /  7宗罪,大卫·芬奇 David Fincher,1995,美国,剧情 犯罪 悬疑 惊悚,8.8,606070
被嫌弃的松子的一生, / 花样奇缘(港)  /  令人讨厌的松子的一生(台),中岛哲也 Tetsuya Nakashima,2006,日本,剧情 歌舞,8.9,457214
低俗小说, / 黑色追緝令(台)  /  危险人物(港),昆汀·塔伦蒂诺 Quentin Tarantino,1994,美国,剧情 喜剧 犯罪,8.8,507357
沉默的羔羊, / 沉默的羔羊,乔纳森·戴米 Jonathan Demme,1991,美国,剧情 犯罪 惊悚,8.8,509163
穿条纹睡衣的男孩, / 穿条纹衣服的男孩  /  穿条纹衣的男孩,马克·赫尔曼 Mark Herman,2008,英国 美国,剧情 战争,9.0,268531
蝴蝶效应, / 蝴蝶效应,埃里克·布雷斯 Eric Bress / J·麦基·格鲁伯 J. Mackye Gruber,2004,美国 加拿大,剧情 悬疑 科幻 惊悚,8.8,561995
春光乍泄, / 一起快乐  /  Happy Together,王家卫 Kar Wai Wong,1997,中国香港 日本 韩国,剧情 爱情 同性,8.9,377738
勇敢的心, / 惊世未了缘(港)  /  梅尔吉勃逊之英雄本色(台),梅尔·吉布森 Mel Gibson,1995,美国,动作 传记 剧情 历史 战争,8.9,394866
天使爱美丽, / 艾蜜莉的异想世界(台)  /  天使艾米莉,让-皮埃尔·热内 Jean-Pierre Jeunet,2001,法国 德国,喜剧 爱情,8.7,670456
心灵捕手, / 骄阳似我(港)  /  心灵捕手,格斯·范·桑特 Gus Van Sant,1997,美国,剧情,8.9,413531
剪刀手爱德华, / 幻海奇缘(港)  /  剪刀手爱德华,蒂姆·波顿 Tim Burton,1990,美国,剧情 奇幻 爱情,8.7,690570
禁闭岛, / 不赦岛(港)  /  隔离岛(台),Martin Scorsese,2010,美国,剧情 悬疑 惊悚,8.8,552022
布达佩斯大饭店, / 布达佩斯大酒店(港)  /  欢迎来到布达佩斯大饭店(台),韦斯·安德森 Wes Anderson,2014,美国 德国 英国,剧情 喜剧 冒险,8.8,515142
阿凡达, / 天神下凡(港)  /  化身,詹姆斯·卡梅隆 James Cameron,2009,美国 英国,动作 战争 科幻 冒险,8.7,807714
我不是药神, / 中国药神  /  印度药神,文牧野 Muye Wen,2018,中国大陆,剧情 喜剧,9.0,1220527
幽灵公主, / 魔法公主  /  幽灵少女,宫崎骏 Hayao Miyazaki,1997,日本,动画 奇幻 冒险,8.9,342826
入殓师, / 礼仪师之奏鸣曲(港)  /  礼仪师(台),泷田洋二郎 Yôjirô Takita,2008,日本,剧情,8.8,407604
摩登时代," / The Masses  /  Temps modernes, Les",查理·卓别林 Charles Chaplin,1936,美国,剧情 喜剧 爱情,9.3,154551
加勒比海盗, / 加勒比海盗1：黑珍珠号的诅咒  /  神鬼奇航：鬼盗船魔咒(台),戈尔·维宾斯基 Gore Verbinski,2003,美国,动作 冒险 奇幻,8.7,532928
致命ID, / 杀人游戏  /  致命身份,James Mangold,2003,美国,剧情 悬疑 惊悚,8.7,465450
断背山, / 断臂山  /  BBM,李安 Ang Lee,2005,美国 加拿大,剧情 爱情 同性 家庭,8.8,458447
阳光灿烂的日子, / In the Heat of the Sun,姜文 Wen Jiang,1994,中国大陆 中国香港,剧情 爱情,8.8,387584
重庆森林, / Chungking Express,王家卫 Kar Wai Wong,1994,中国香港,剧情 爱情,8.7,482393
第六感, / 灵异第六感  /  鬼眼,M·奈特·沙马兰 M. Night Shyamalan,1999,美国,剧情 悬疑 惊悚,8.8,333360
喜剧之王, / King of Comedy,周星驰 Stephen Chow / 李力持 Lik-Chi Lee,1999,中国香港,喜剧 剧情 爱情,8.7,531012
狩猎, / 谎言的烙印(台)  /  诬网(港),托马斯·温特伯格 Thomas Vinterberg,2012,丹麦 瑞典,剧情,9.1,201818
玛丽和马克思, / 巧克力情缘(台)  /  同是天涯寂寞客,亚当·艾略特 Adam Elliot,2009,澳大利亚,剧情 喜剧 动画,8.9,294550
消失的爱人, / 失踪的女孩  /  失踪女孩,大卫·芬奇 David Fincher,2014,美国,剧情 犯罪 悬疑 惊悚,8.7,538378
小森林 夏秋篇, / 小森食光 / 夏秋篇(台) ,森淳一 Junichi Mori,2014,日本,剧情,9.0,234145
告白, / 自白  /  母亲,中岛哲也 Tetsuya Nakashima,2010,日本,剧情 惊悚,8.7,476463
请以你的名字呼唤我, / 以你的名字呼唤我(港 / 台) ,卢卡·瓜达尼诺 Luca Guadagnino,2017,意大利 法国 巴西 美国 荷兰 德国,剧情 爱情 同性,8.8,340881
大鱼, / 大鱼奇缘(港)  /  大智若鱼(台),蒂姆·波顿 Tim Burton,2003,美国,剧情 家庭 奇幻 冒险,8.8,356364
一一, / Yi yi  /  Yi yi: A One and a Two,杨德昌 Edward Yang,2000,中国台湾 日本,剧情 爱情 家庭,9.0,214301
爱在黎明破晓前, / 情留半天(港)  /  爱在黎明破晓时(台),理查德·林克莱特 Richard Linklater,1995,美国 奥地利 瑞士,剧情 爱情,8.8,335886
阳光姐妹淘, / 阳光姊妹淘(港)  /  桑尼,姜炯哲 Hyeong-Cheol Kang,2011,韩国,剧情 喜剧,8.8,387236
海蒂和爷爷, / 飘零燕(港)  /  海蒂,阿兰·葛斯彭纳 Alain Gsponer,2015,德国 瑞士 南非,剧情 冒险 家庭,9.1,155465
射雕英雄传之东成西就, / 东成西就  /  大英雄 (日本),刘镇伟 Jeffrey Lau,1993,中国香港,喜剧 奇幻 武侠 古装,8.7,393437
侧耳倾听, / 心之谷  /  梦幻街少女,近藤喜文 Yoshifumi Kondo,1995,日本,剧情 爱情 动画,8.9,264336
红辣椒, / 盗梦侦探  /  帕布莉卡,今敏 Satoshi Kon,2006,日本,动画 悬疑 科幻 惊悚,9.0,218434
甜蜜蜜, / Comrades: Almost a Love Story,陈可辛 Peter Chan,1996,中国香港,剧情 爱情,8.8,313791
杀人回忆, / 谋杀回忆  /  杀手回忆录,奉俊昊 Joon-ho Bong,2003,韩国,犯罪 剧情 悬疑 惊悚,8.8,332444
驯龙高手, / 驯龙记(港),迪恩·德布洛斯 Dean DeBlois / 克里斯·桑德斯 Chris Sanders,2010,美国,动画 奇幻 冒险,8.7,450326
倩女幽魂, / 倩女幽魂(87版)  /  倩女幽魂：妖魔道,程小东 Siu-Tung Ching,1987,中国香港,爱情 奇幻 武侠 古装,8.7,411869
7号房的礼物, / 戆爸的礼物(港)  /  7号囚房的礼物,李焕庆 Hwan-kyeong Lee,2013,韩国,剧情 喜剧 家庭,8.8,287500
超脱, / 人间师格(台),托尼·凯耶 Tony Kaye,2011,美国,剧情,8.8,264621
哈利·波特与死亡圣器(下), / 哈利波特7：死神的圣物2(港 / 台) ,大卫·叶茨 David Yates,2011,美国 英国,剧情 悬疑 奇幻 冒险,8.7,420098
小森林 冬春篇, / 小森食光 / 冬春篇(台) ,森淳一 Junichi Mori,2015,日本,剧情,9.0,202975
恐怖直播, / 死亡“动”新闻(港)  /  恐怖攻击直播(台),金秉祐 Byeong-woo Kim,2013,韩国,剧情 犯罪 悬疑,8.8,359934
菊次郎的夏天, / Kikujirô no natsu  /  菊次郎的夏天,北野武 Takeshi Kitano,1999,日本,剧情 喜剧,8.8,294017
爱在日落黄昏时, / 日落巴黎(港)  /  爱在日落巴黎时(台),理查德·林克莱特 Richard Linklater,2004,美国,剧情 爱情,8.8,292928
蝙蝠侠：黑暗骑士崛起, / 蝙蝠侠前传3：黑暗骑士崛起  /  黑暗骑士：黎明升起(台),克里斯托弗·诺兰 Christopher Nolan,2012,美国 英国,剧情 动作 科幻 犯罪 惊悚,8.7,426452
风之谷, / 风谷少女  /  Kaze no tani no Naushika,宫崎骏 Hayao Miyazaki,1984,日本,动画 奇幻 冒险,8.8,250157
幸福终点站, / 机场客运站(港)  /  航站情缘(台),史蒂文·斯皮尔伯格 Steven Spielberg,2004,美国,喜剧 剧情 爱情,8.7,317509
萤火之森, / 萤火之社  /  Hotarubi no mori e,大森贵弘 Takahiro Omori,2011,日本,剧情 爱情 动画 奇幻,8.8,271997
唐伯虎点秋香, / Flirting Scholar,李力持 Lik-Chi Lee,1993,中国香港,喜剧 爱情 古装,8.6,565665
超能陆战队, / 大英雄联盟(港)  /  大英雄天团(台),唐·霍尔 Don Hall / 克里斯·威廉姆斯 Chris Williams,2014,美国,喜剧 动作 科幻 动画 冒险,8.6,582648
借东西的小人阿莉埃蒂, / 借物少女艾莉缇(台)  /  借东西的小矮人亚莉亚蒂(港),米林宏昌 Hiromasa Yonebayashi,2010,日本,动画 奇幻 冒险,8.8,316393
上帝之城, / 无主之城 (港)  /  无法无天 (台),费尔南多·梅里尔斯 Fernando Meirelles / 卡迪亚·兰德 Kátia Lund  &nbsp...,2002,巴西 法国,犯罪 剧情,8.9,203868
神偷奶爸, / 卑鄙的我  /  坏蛋奖门人(港),皮艾尔·柯芬 Pierre Coffin / 克里斯·雷纳德 Chris Renaud,2010,美国 法国,喜剧 动画 冒险,8.6,588762
无人知晓, / 谁知赤子心(港)  /  无人知晓的夏日清晨(台),是枝裕和 Hirokazu Koreeda,2004,日本,剧情,9.1,139864
怪兽电力公司, / 怪兽公司(港)  /  怪物公司,彼特·道格特 Pete Docter / 大卫·斯沃曼 David Silverman,2001,美国,儿童 喜剧 动画 奇幻 冒险,8.7,373743
玩具总动员3, / 反斗奇兵3(港)  /  玩具的故事3,李·昂克里奇 Lee Unkrich,2010,美国,喜剧 动画 奇幻 冒险,8.8,287243
电锯惊魂, / 夺魂锯(台)  /  恐惧斗室(港),詹姆斯·温 James Wan,2004,美国,悬疑 惊悚 恐怖,8.7,296378
血战钢锯岭, / 钢锯岭  /  钢铁英雄(台),梅尔·吉布森 Mel Gibson,2016,美国 澳大利亚,剧情 传记 历史 战争,8.7,485425
岁月神偷, / 1969太空漫游  /  Echoes Of The Rainbow,罗启锐 Alex Law,2010,中国香港 中国大陆,剧情 家庭,8.7,401278
谍影重重3, / 叛谍追击3：最后通牒(港)  /  神鬼认证：最后通牒 (台),保罗·格林格拉斯 Paul Greengrass,2007,美国 德国,动作 悬疑 惊悚,8.8,260962
疯狂原始人, / 古鲁家族(港 / 台) ,科克·德·米科 Kirk De Micco / 克里斯·桑德斯 Chris Sanders,2013,美国,喜剧 动画 冒险,8.7,531278
英雄本色, / A Better Tomorrow  /  Gangland Boss,吴宇森 John Woo,1986,中国香港,剧情 动作 犯罪,8.7,286517
喜宴, / The Wedding Banquet,李安 Ang Lee,1993,中国台湾 美国,剧情 喜剧 爱情 同性 家庭,8.9,199936
七武士, / 七侠四义(港)  /  The Seven Samurai,黑泽明 Akira Kurosawa,1954,日本,动作 冒险 剧情,9.2,111279
傲慢与偏见, / 傲慢与偏见2005  /  Pride And Prejudice,乔·怀特 Joe Wright,2005,法国 英国 美国,剧情 爱情,8.6,441227
时空恋旅人, / 时空旅恋人  /  回到最爱的一天(港),理查德·柯蒂斯 Richard Curtis,2013,英国,喜剧 爱情 奇幻,8.7,312131
萤火虫之墓, / 再见萤火虫(港)  /  萤火挽歌,高畑勋 Isao Takahata,1988,日本,动画 剧情 战争,8.7,278083
东邪西毒, / Ashes of Time,王家卫 Kar Wai Wong,1994,中国香港 中国台湾,剧情 动作 爱情 武侠 古装,8.6,371509
真爱至上, / 爱是您，爱是我(台)  /  真的恋爱了(港),理查德·柯蒂斯 Richard Curtis,2003,英国 美国 法国,喜剧 剧情 爱情,8.6,438170
贫民窟的百万富翁, / 贫民百万富翁(台)  /  一百万零一夜(港),丹尼·鲍尔 Danny Boyle / 洛芙琳·坦丹 Loveleen Tandan,2008,英国 美国,剧情 爱情,8.6,505619
完美的世界, / 强盗保镳,克林特·伊斯特伍德 Clint Eastwood,1993,美国,剧情 犯罪,9.1,129269
黑天鹅, / 夺命黑天鹅  /  霸王别鹅(豆友译名),达伦·阿罗诺夫斯基 Darren Aronofsky,2010,美国,剧情 惊悚,8.5,559441
记忆碎片, / 失忆  /  记忆拼图(台),克里斯托弗·诺兰 Christopher Nolan,2000,美国,犯罪 剧情 悬疑 惊悚,8.6,380630
心迷宫, / 殡棺  /  The Coffin in the Mountain,忻钰坤 Yukun Xin,2014,中国大陆,剧情 犯罪 悬疑,8.7,282041
纵横四海, / Once a Thief,吴宇森 John Woo,1991,中国香港,剧情 喜剧 动作 犯罪,8.8,233789
教父3, / 教父第三集  /  教父 III,弗朗西斯·福特·科波拉 Francis Ford Coppola,1990,美国,剧情 犯罪,8.8,197475
荒蛮故事, / 蛮荒故事  /  生命中最抓狂的小事(台),达米安·斯兹弗隆 Damián Szifron,2014,阿根廷 西班牙,剧情 喜剧 犯罪,8.8,230777
达拉斯买家俱乐部, / 续命枭雄(港)  /  药命俱乐部(台),让-马克·瓦雷 Jean-Marc Vallée,2013,美国,剧情 传记 同性,8.7,271079
三块广告牌, / 意外(台)  /  广告牌杀人事件(港),马丁·麦克唐纳 Martin McDonagh,2017,美国 英国,剧情 犯罪,8.7,507403
被解救的姜戈, / 被解放的姜戈  /  决杀令(台),昆汀·塔伦蒂诺 Quentin Tarantino,2012,美国,剧情 动作 西部 冒险,8.7,367276
雨人, / 手足情未了  /  手足情深,巴瑞·莱文森 Barry Levinson,1988,美国,剧情,8.7,272232
花样年华, / In the Mood for Love,王家卫 Kar Wai Wong,2000,中国香港,剧情 爱情,8.6,344466
我是山姆, / 不一样的爸爸(港)  /  他不笨，他是我爸爸(台),杰茜·尼尔森 Jessie Nelson,2001,美国,剧情 家庭,8.9,163555
你的名字。, / 你的名字  /  君之名,新海诚 Makoto Shinkai,2016,日本,剧情 爱情 动画,8.4,784216
卢旺达饭店, / 卢安达饭店(台),特瑞·乔治 Terry George,2004,英国 南非 意大利 美国,剧情 历史 战争,8.9,164926
哪吒闹海, / Prince Nezha's Triumph Against Dragon King  /  Nezha nao hai,严定宪 Dingxian Yan / 王树忱 Shuchen Wang,1979,中国大陆,冒险 动画 奇幻,9.0,135651
头脑特工队, / 玩转脑朋友(港)  /  脑筋急转弯(台),彼特·道格特 Pete Docter / 罗纳尔多·德尔·卡门 Ronaldo Del Carmen  &nb...,2015,美国,喜剧 动画 冒险,8.7,348975
海边的曼彻斯特, / 情系海边之城(港),肯尼斯·罗纳根 Kenneth Lonergan,2016,美国,剧情 家庭,8.6,301908
你看起来好像很好吃, / 你看起来很好吃(台)  /  你看上去好像很好吃,藤森雅也 Masaya Fujimori,2010,日本,剧情 动画 儿童,8.8,206869
恋恋笔记本, / 深情日记  /  写我情真,尼克·卡索维茨 Nick Cassavetes,2004,美国,剧情 爱情,8.5,394047
无敌破坏王, / 破坏王拉尔夫  /  破坏王大冒险,瑞奇·莫尔 Rich Moore,2012,美国,喜剧 动画 奇幻 冒险,8.7,315240
冰川时代, / 冰河世纪  /  冰原历险记,卡洛斯·沙尔丹哈 Carlos Saldanha / 克里斯·韦奇 Chris Wedge,2002,美国,喜剧 动画 冒险,8.5,388231
二十二, / Twenty Two  /  22,郭柯 Ke Guo,2015,中国大陆,纪录片,8.7,174686
虎口脱险, / 横冲直撞出重围(港)  /  大進擊(台),杰拉尔·乌里 Gérard Oury,1966,法国 英国,喜剧 战争,8.9,143947
未麻的部屋, / 蓝色的恐惧  /  蓝色恐惧,今敏 Satoshi Kon,1997,日本,动画 奇幻 惊悚,8.9,152565
模仿游戏, / 解码游戏(港)  /  模拟游戏,莫滕·泰杜姆 Morten Tyldum,2014,英国 美国,剧情 传记 战争 同性,8.6,363824
爆裂鼓手, / 鼓动真我(港)  /  进击的鼓手(台),达米恩·查泽雷 Damien Chazelle,2014,美国,剧情 音乐,8.7,331367
一个叫欧维的男人决定去死, / 明天别再来敲门(台)  /  想死冇咁易(港),汉内斯·赫尔姆 Hannes Holm,2015,瑞典,剧情,8.8,202537
雨中曲, / 雨中情  /  万花嬉春,斯坦利·多南 Stanley Donen / 吉恩·凯利 Gene Kelly,1952,美国,喜剧 歌舞 爱情,9.0,127586
海洋, / Oceans  /  海洋,雅克·贝汉 Jacques Perrin / 雅克·克鲁奥德 Jacques Cluzaud,2009,法国 瑞士 西班牙 美国 阿联酋,纪录片,9.1,117863
忠犬八公物语, / 八千公物语  /  阿八的故事,Seijirô Kôyama,1987,日本,剧情,9.1,100520
天书奇谭, / The Legend of Sealed Book  /  Secrets of the Heavenly Book,王树忱 Shuchen Wang / 钱运达 Yunda Qian,2019,中国大陆,动画 奇幻,9.2,97225
头号玩家, / 玩家一号  /  挑战者1号(港),史蒂文·斯皮尔伯格 Steven Spielberg,2018,美国,动作 科幻 冒险,8.7,849027
人工智能, / AI人工智慧,史蒂文·斯皮尔伯格 Steven Spielberg,2001,美国,冒险 剧情 科幻,8.6,264375
燃情岁月, / 秋日传奇  /  真爱一世情(台),爱德华·兹威克 Edward Zwick,1994,美国,剧情 爱情 战争 西部,8.8,188477
魔女宅急便, / 魔女琪琪(台)  /  小魔女限时专送,宫崎骏 Hayao Miyazaki,1989,日本,动画 奇幻 冒险,8.6,287314
房间, / 不存在的房间(台)  /  抖室(港),伦尼·阿伯拉罕森 Lenny Abrahamson,2015,爱尔兰 加拿大 英国 美国,剧情 家庭,8.8,235387
黑客帝国3：矩阵革命, / 骇客任务完结篇：最后战役  /  廿二世纪杀人网络3：惊变世纪,Andy Wachowski / Larry Wachowski,2003,美国 澳大利亚,动作 科幻,8.7,233313
穿越时空的少女, / 跳跃吧！时空少女(台)  /  Toki o kakeru shôjo,细田守 Mamoru Hosoda,2006,日本,剧情 爱情 科幻 动画,8.6,255897
海街日记, / 海街女孩日记(港)  /  Kamakura Diary,是枝裕和 Hirokazu Koreeda,2015,日本,剧情 家庭,8.7,221480
恐怖游轮, / 汪洋血迷宮(台)  /  轮回三角,克里斯托弗·史密斯 Christopher Smith,2009,英国 澳大利亚,剧情 悬疑 惊悚,8.4,470322
功夫, / 功夫3D  /  Kung Fu Hustle,周星驰 Stephen Chow,2004,中国大陆 中国香港,动作 喜剧 犯罪 奇幻,8.4,487507
魂断蓝桥, / 滑铁卢桥  /  断桥残梦,茂文·勒鲁瓦 Mervyn LeRoy,1940,美国,剧情 爱情 战争,8.8,168001
惊魂记, / 精神病患者  /  触目惊心,Alfred Hitchcock,1960,美国,悬疑 惊悚 恐怖,8.9,130496
罗生门, / Rashomon,黑泽明 Akira Kurosawa,1950,日本,犯罪 剧情 悬疑,8.8,179967
完美陌生人, / 完美谎情(港)  /  波动的信息分享,保罗·格诺维瑟 Paolo Genovese,2016,意大利,剧情 喜剧,8.5,341255
猜火车, / 迷幻列车(港)  /  定位的火车,丹尼·博伊尔 Danny Boyle,1996,英国,剧情 犯罪,8.5,310426
阿飞正传, / Days of Being Wild,王家卫 Kar Wai Wong,1990,中国香港,犯罪 剧情 爱情,8.5,302911
香水, / 香水：一个杀人犯的故事  /  香水：一个谋杀犯的故事,汤姆·提克威 Tom Tykwer,2006,德国 法国 西班牙 美国,剧情 犯罪 奇幻,8.5,369300
牯岭街少年杀人事件, / A Brighter Summer Day,杨德昌 Edward Yang,1991,中国台湾,剧情 犯罪,8.8,153354
可可西里, / Kekexili: Mountain Patrol,陆川 Chuan Lu,2004,中国大陆 中国香港,剧情 犯罪,8.7,174607
谍影重重2, / 叛谍追击2：机密圈套(港)  /  神鬼认证：神鬼疑云(台),保罗·格林格拉斯 Paul Greengrass,2004,美国 德国,动作 悬疑 惊悚,8.6,223409
疯狂的石头, / Crazy Stone,宁浩 Hao Ning,2006,中国大陆 中国香港,喜剧 犯罪,8.4,464026
谍影重重, / 叛谍追击(港)  /  神鬼认证(台),道格·里曼 Doug Liman,2002,美国 德国 捷克,动作 悬疑 惊悚,8.6,266299
朗读者, / 为爱朗读(台)  /  读爱(港),史蒂芬·戴德利 Stephen Daldry,2008,美国 德国,剧情 爱情,8.5,337545
浪潮, / 恶魔教室(台)  /  白恤暴潮(港),丹尼斯·甘塞尔 Dennis Gansel,2008,德国,剧情 惊悚,8.7,176485
战争之王, / 军火之王(台 / 港) ,安德鲁·尼科尔 Andrew Niccol,2005,美国 法国,剧情 犯罪,8.6,229475
初恋这件小事, / 初恋那件小事(港)  /  暗恋那点小事,普特鹏·普罗萨卡·那·萨克那卡林 Puttipong Promsaka Na Sakolnakorn / 华森·波克彭...,2010,泰国,剧情 喜剧 爱情,8.4,648740
奇迹男孩, / 奇迹,斯蒂芬·卓博斯基 Stephen Chbosky,2017,美国 中国香港,剧情 儿童 家庭,8.6,333959
地球上的星星, / 心中的小星星(台)  /  每一个孩子都是特别的,阿米尔·汗 Aamir Khan,2007,印度,剧情 儿童 家庭,8.9,123985
青蛇, / Green Snake,徐克 Hark Tsui,1993,中国香港,剧情 爱情 奇幻 古装,8.5,310693
终结者2：审判日, / 终结者2  /  终结者2：末日审判,詹姆斯·卡梅隆 James Cameron,1991,美国 法国,动作 科幻,8.7,203650
爱在午夜降临前, / 爱在午夜希腊时(台)  /  情约半生(港),理查德·林克莱特 Richard Linklater,2013,美国 希腊,剧情 爱情,8.8,171959
釜山行, / 尸速列车(台)  /  尸杀列车(港),延尚昊 Sang-ho Yeon,2016,韩国,动作 惊悚 灾难,8.4,587487
新龙门客栈, / New Dragon Gate Inn,李惠民 Raymond Lee,1992,中国香港 中国大陆,动作 爱情 武侠 古装,8.6,264841
源代码, / 启动原始码(台)  /  危机解密(港),邓肯·琼斯 Duncan Jones,2011,美国 加拿大,科幻 悬疑 惊悚,8.4,528757
步履不停, / 横山家之味(港 / 台) ,是枝裕和 Hirokazu Koreeda,2008,日本,剧情 家庭,8.8,144410
无耻混蛋, / 恶棍特工(台)  /  希魔撞正杀人狂(港),Quentin Tarantino,2009,德国 美国,剧情 犯罪,8.5,301015
小萝莉的猴神大叔, / 娃娃返乡任务(台)  /  宝莱坞之钢铁奶爸(台),卡比尔·汗 Kabir Khan,2015,印度,剧情 喜剧 动作,8.5,281586
新世界, / 暗黑新世界(台)  /  New World,朴勋政 Hoon-jung Park,2013,韩国,剧情 犯罪,8.7,158816
再次出发之纽约遇见你, / 再次出发  /  歌曲改变人生,约翰·卡尼 John Carney,2013,美国,喜剧 爱情 音乐,8.5,251588
追随, / 跟踪(台)  /  致命追踪,克里斯托弗·诺兰 Christopher Nolan,1998,英国,犯罪 悬疑 惊悚,8.9,110676
一次别离, / 分居风暴(台)  /  伊朗式分居(港),阿斯哈·法哈蒂  Asghar Farhadi,2011,伊朗 法国,剧情 家庭,8.7,171257
绿里奇迹, / 绿色奇迹(台)  /  绿色英里,Frank Darabont,1999,美国,犯罪 剧情 奇幻 悬疑,8.7,151514
2001太空漫游, / 2001：星际漫游  /  2001：太空奥德赛,斯坦利·库布里克 Stanley Kubrick,1968,英国 美国,科幻 惊悚 冒险,8.7,154097
血钻, / 血腥钻石  /  滴血钻石,爱德华·兹威克 Edward Zwick,2006,美国 德国,剧情 惊悚 冒险,8.6,202217
彗星来的那一夜, / 相干性  /  相干效应,詹姆斯·沃德·布柯特 James Ward Byrkit,2013,美国 英国,科幻 悬疑 惊悚,8.5,285069
城市之光, / City Lights: A Comedy Romance in Pantomime  /  Lichter der Großstadt,Charles Chaplin,1931,美国,喜剧 剧情 爱情,9.3,66998
东京物语, / 东京故事  /  Tokyo Story,小津安二郎 Yasujirô Ozu,1953,日本,剧情 家庭,9.2,74690
疯狂的麦克斯4：狂暴之路, / 末日先锋：战甲飞车(港)  /  疯狂麦斯：愤怒道(台),乔治·米勒 George Miller,2015,澳大利亚 美国,动作 科幻 冒险,8.6,305294
撞车, / 冲击效应  /  冲撞,保罗·哈吉斯 Paul Haggis,2004,美国 德国,犯罪 剧情,8.6,222573
梦之安魂曲, / 噩梦挽歌(台)  /  迷上瘾(港),达伦·阿伦诺夫斯基 Darren Aronofsky,2000,美国,剧情,8.7,147164
聚焦, / 焦点追击(港)  /  惊爆焦点(台),托马斯·麦卡锡 Thomas McCarthy,2015,美国,剧情 传记,8.8,176214
哈利·波特与阿兹卡班的囚徒, / 哈利波特3：阿兹卡班的逃犯(港 / 台) ,Alfonso Cuarón,2004,英国 美国,剧情 奇幻 冒险,8.5,273116
E.T. 外星人, / 外星人E.T.  /  外星人,史蒂文·斯皮尔伯格 Steven Spielberg,1982,美国,剧情 科幻,8.6,215768
遗愿清单, / 玩转身前事(港)  /  一路玩到挂(台),罗伯·莱纳 Rob Reiner,2007,美国,冒险 喜剧 剧情,8.6,197846
黑鹰坠落, / 黑鹰降落  /  黑鹰计划,雷德利·斯科特 Ridley Scott,2001,美国,动作 历史 战争,8.6,173870
哈利·波特与密室, / 哈利波特2：消失的密室(港 / 台) ,Chris Columbus,2002,美国 英国 德国,奇幻 冒险,8.4,292334
这个男人来自地球, / 地球不死人(港)  /  这个人来自洞穴,理查德·沙因克曼 Richard Schenkman,2007,美国,剧情 科幻,8.5,249106
末路狂花, / 塞尔玛与路易丝  /  末路狂花,雷德利·斯科特 Ridley Scott,1991,美国 法国,犯罪 剧情 惊悚,8.7,140664
发条橙, / 发条桔子  /  发条橙子,Stanley Kubrick,1971,英国 美国,犯罪 剧情 科幻,8.5,241982
变脸, / 夺面双雄  /  夺命双雄,吴宇森 John Woo,1997,美国,动作 科幻 犯罪 惊悚,8.4,277357
驴得水, / Mr. Donkey,周申 Shen Zhou / 刘露 Lu Liu,2016,中国大陆,剧情 喜剧,8.3,518814
我爱你, / 爱你  /  爱，是一生相伴(台),秋昌民 Chang-min Choo,2011,韩国,剧情 爱情,9.0,86976
国王的演讲, / 皇上无话儿(港)  /  王者之声：宣战时刻(台),汤姆·霍珀 Tom Hooper,2010,英国 澳大利亚 美国,剧情 传记 历史,8.4,443061
千钧一发, / 变种异煞  /  自然人,安德鲁·尼科尔 Andrew Niccol,1997,美国,剧情 科幻 惊悚,8.7,135329
勇闯夺命岛, / 石破天惊  /  绝地任务,迈克尔·贝 Michael Bay,1996,美国,动作 冒险,8.6,185528
黄金三镖客, / 好·坏·丑  /  独行侠决斗地狱门(港),Sergio Leone,1966,意大利 西班牙 西德,冒险 西部,9.1,72796
非常嫌疑犯, / 刺激惊爆点(台)  /  普通嫌疑犯,布莱恩·辛格 Bryan Singer,1995,德国 美国,剧情 犯罪 悬疑 惊悚,8.6,166944
秒速5厘米, / 秒速五厘米  /  秒速5公分,新海诚 Makoto Shinkai,2007,日本,动画 剧情 爱情,8.3,422476
