0,32977685024,R***o,RU,"Todo es genial, la lámpara es buena, en la región de samara llegó en 3 semanas. Empaquetado era muy bueno, todo completo. Gracias al vendedor.",5.0,,
1,32977685024,C***i,US,Bien empaquetado. Llegó a tiempo. Coincide con la imagen. No lo probé todavía,5.0,,
2,32977685024,R***r,UA,"La lámpara llegó en 20 días. Se seca bien, muy satisfecho",5.0,,
3,32977685024,D***d,RU,"¡Todo está bien, cosas maravillosas! ¡Todo es genial, cosas maravillosas!",5.0,,
4,32977685024,E***G,SE,¡Súper lámpara!,5.0,,
5,32977685024,Anónimo,RU,"Genial. Bastante Grande, 15 diodos, sensores (se lleva a mano, se quita y recuerda recientemente, se ajusta a un temporizador). He tomado una vista táctil con una fuente de alimentación, no me gustan los botones, aunque lamento no haber tomado un repuesto con yusb, especialmente desde antes de la venta era solo un centavo. Llegó lo suficientemente rápido por servicio de mensajería express (antes de enviar al vendedor especificaba el número de teléfono). Si bien todo el mundo está contento, ¡Muchas gracias al vendedor!",5.0,,"En la acción obtuvo 30 r, y teniendo en cuenta la caché del descuento ru todavía en la parte superior pagó varios rublos xd.        22 Apr 2019 05:52 "
6,32977685024,V***a,RU,"La entrega por mensajería, laca y lámpara aún no se ha probado En el trabajo, entonces Añadiré un consejo.",5.0,,
7,32977685024,X***d,BY,,5.0,,
8,32977685024,R***r,RU,,5.0,,
9,32977685024,Anónimo,KR,,5.0,,
10,32977685024,Anónimo,US,"Luv it, gracias",5.0,,
11,32977685024,A***a,RU,"Gracias al vendedor, esta lámpara me ha costado 67 kopecks, muy satisfecho con la calidad. Muy bien empaquetado",5.0,,"Este es un encanto, lucky vendrá a ver en acción         22 Apr 2019 21:39 "
12,32977685024,V***o,RU,,5.0,,
13,32977685024,A***a,BR,Exactamente como se muestra en la imagen.,5.0,,
14,32977685024,A***v,RU,,5.0,,
15,32977685024,A***a,RU,"La lámpara está completa, funciona correctamente, bien embalada. Seguimiento de seguimiento. La lámpara es ligera, todo está bien secado.",5.0,,"Cuando se reutiliza, el detector se rompe. No está tan mal, la pulsación del botón no es difícil. Pero es una pena.        21 Jul 2019 13:55 "
16,32977685024,V***a,CL,"Llego antes del tiempo estimado, se ve muy bien",5.0,,
17,32977685024,Y***o,CL,,5.0,,
18,32977685024,Anónimo,RU,"Los productos llegaron en el tiempo asignado, sin demora. La lámpara corresponde a la descripción, funciona bien. Tres velocidades de calentamiento. Recomendamos encarecidamente al vendedor y al producto.",5.0,,
19,32977685024,R***v,RU,Bien empaquetado. Funciona sin quejas. Le aconsejo al vendedor.,5.0,,
20,32977685024,A***a,UA,,5.0,,
21,32977685024,R***i,RU,,5.0,,
22,32977685024,E***a,IL,,5.0,,
23,32977685024,L***k,BY,"Gracias, te aconsejo",5.0,,
24,32977685024,L***i,RU,"La lámpara funciona correctamente, escucha perfectamente la capa por capa... Para diseño suficiente 30 segundos Básicamente, para la mayoría de los barnices modo suficiente en 30c pero alguien seca la laca de gel durante 10 segundos Para arriba y base suficiente 60 segundos Secado de Gel durante 2 min. Todo se está despertando perfectamente. A expensas de las horquillas de preguntas, ¡una sensación de ardor! Esto no es generalmente una pregunta ni a la lámpara, es característico de las bases de goma y al nivelar, es decir, con una capa gruesa de material, todo se resuelve fácilmente-Tiro de mi mano durante un par de segundos y aterrado. Este material será horno en cualquier lámpara",5.0,,
25,32977685024,D***v,RU,"¡Todo está bien, cosas maravillosas! ¡Todo es genial, cosas maravillosas!",5.0,,
26,32977685024,O***a,RU,Excelente,5.0,,Bien.        28 Apr 2019 23:01 
27,32977685024,O***g,FR,,5.0,,
28,32977685024,K***a,RU,"La entrega a mo 31 días, tomó el cupón también no fue como muchos escribieron. Y por lo tanto, la lámpara es súper, por cierto, estos colores se secan perfectamente, estaban agrupados en mi antigua lámpara uv, pensando en el matrimonio. ¡Le recomiendo al vendedor!",5.0,,
29,32977685024,Anónimo,PL,"Súper. entrega rápida, el producto está bien.",4.0,,
30,32977685024,S***s,UA,"Para uso doméstico con un gran descuento. Una buena lámpara, pero llegó sin un soporte inferior, solo la parte superior en sí. Como el cuerpo es desigual desde abajo, hay luces en los lados. Sin embargo, seca sin problemas. Acerca de la carga-chicos, Así que elige el tipo de toma de corriente (hay europeo, hay americano y yusb) antes de realizar el pedido. Necesitaba europeo, lo escogí-europeo y vino. Paquete genial, por el camino-soplado y grande, solo en caso)",5.0,,
31,32977685024,A***s,BR,"Entrega rápida, 24 días a Río Grane/RS",5.0,,
32,32977685024,G***e,RU,"Todo es bueno, por tal dinero, para el caso si accidentalmente apaga la electricidad, ya que sucede a menudo en nuestra región, a través de la carga portátil es una opción, aunque un poco débil, la base con una alineación de 90 segundos dos veces",5.0,,
33,32977685024,J***o,BR,,5.0,,
34,32977685024,T***a,RU,,5.0,,Clase)        18 Jun 2019 07:11 
35,32977685024,Anónimo,RU,"Todo de acuerdo, funciona,",5.0,,
36,32977685024,L***a,RU,"¡Muchas gracias! Pedido el 27 de marzo llegó a ussuriysk el 23 de abril. Lo que puedo decir, todo está bien, todo funciona, y el hecho de que me cuesta 1 centavo, como nuevo usuario, me complace aún más. En general, orden, no te arrepentirás.",5.0,,
37,32977685024,S***s,RU,"Sin documentos, sin instrucciones",5.0,,"El segundo día, el sensor de movimiento dejó de funcionar, ¡lo probaremos más!        15 May 2019 12:30 "
38,32977685024,O***i,UA,"Entrega rápida, un poco más de 2 semanas. Al principio tenía miedo de por qué tan ligero, pero todo está en su lugar y funciona. Pequeño y ligero, la mano se ajusta completamente)",5.0,,
39,32977685024,D***a,EE,,5.0,,
40,32977685024,J***m,LT,Entrega rápida. Harasho está empaquetado. Gracias.,5.0,,
41,32977685024,G***r,IL,Poco pensado que era más,5.0,,
42,32977685024,E***a,UA,"Embalado muy bien. La entrega es de casi un mes. Sensor, cronómetro funciona. Todo está súper.",5.0,,
43,32977685024,Anónimo,KZ,,5.0,,
44,32977685024,L***l,RU,,5.0,,"Le dio a su hija que le gustó, se seca bien        08 May 2019 07:22 "
45,32977685024,D***s,HU,,5.0,,
46,32977685024,A***a,RU,"Para elegir entre el vendedor, puedes llevar una lámpara con una pantalla o sin ella. Tengo la primera opción (el precio es de 428 rublos) También puedes elegir el tipo de enchufe, Lo he tomado de usb, ya que es más conveniente para mí encenderlo a través de un banco de energía. La potencia óptima es de 36 w, para secar el jardín de flores, tarda solo 30 segundos. La parte superior y la base, por supuesto, es mejor secar en un minuto. En la parte delantera hay una pantalla que cuenta la hora que configuras. Hay 3 botones: 30/60/90 segundos; al presionar uno de ellos, la lámpara se encenderá/apagará. ¡Diodos en la lámpara 15 piezas! Puedes secar inmediatamente 5 dedos y No tengas miedo de que el barniz no se seque en uno de ellos) En general, estoy feliz como elefante de esta compra. El precio es sin duda muy bajo, creo) Lo recomiendo, por supuesto)",5.0,,
47,32977685024,T***t,RU,"Muy ligero, se liberó tan normal,",5.0,,
48,32977685024,M***a,UK,,5.0,,
49,32977685024,X***x,RU,,5.0,,
50,32977685024,R***i,RU,Llegó en 3 semanas a belgorod. El mensajero lo llevó a casa. Todo está bien. Todas las lámparas funcionan. El sensor funciona. Cómo secar lo intentaremos),5.0,,
51,32977685024,Anónimo,CR,Exc producto me llego en 1 mes,5.0,,
52,32977685024,G***v,RU,,5.0,,
53,32977685024,Anónimo,RU,"¡Todo es genial! ¡Llegó 2 semanas antes de que la lámpara de tambov esté muy satisfecho! Todo en su conjunto, el embalaje es bueno, ¡ni un solo rasguño!",5.0,,
54,32977685024,A***s,PT,,5.0,,
55,32977685024,Anónimo,ES,,5.0,,
56,32977685024,E***a,RU,Entrega al Mes de la región de kostroma. Se seca bien. Todo funciona,5.0,,
57,32977685024,M***z,ES,,5.0,,
58,32977685024,T***t,UA,,5.0,,
59,32977685024,A***s,PR,¡Me encanta!,5.0,,
60,32977685024,P***u,CY,Funciona perfectamente. Thx,5.0,,14 Jul 2019 03:38 
61,32977685024,O***o,RU,"Recibido rápidamente Envío de mensajería",5.0,,
62,32977685024,E***a,RU,El vendedor tiene 5 estrellas. Entrega en 10 días. Todo funciona.,5.0,,
63,32977685024,A***n,RU,,5.0,,
64,32977685024,I***a,BR,"Llegó muy rápido, se compraron 21/06 y 18/07 días. Ya se ha utilizado y funciona perfectamente. Glaseado seco 90 min",5.0,,
65,32977685024,P***S,NL,¡Muy satisfecho! Rápido y buen envío. Hermosa lámpara me un enchufe europeo. Gracias.,5.0,,
66,32977685024,Anónimo,US,,5.0,,
67,32977685024,K***o,PL,"La entrega fue muy rápida. Todavía no lo uso, pero todo se ve bien. :)",5.0,,
68,32977685024,Anónimo,ES,Igual a la foto...perfecto,5.0,,
69,32977685024,Anónimo,ES,,5.0,,
70,32977685024,G***r,NZ,"Fantástico, servicio rápido gracias",5.0,,
71,32977685024,A***n,BY,"Viene exactamente durante 3 semanas, funciona, se empaqueta perfectamente. Lo probaré en la funda-Añadiré un consejo",5.0,,¡Gran lámpara! Seca rápidamente.        18 Jun 2019 11:03 
72,32977685024,Anónimo,RU,,5.0,,
73,32977685024,R***n,RU,,5.0,,
74,32977685024,O***a,RU,Buena lámpara todo funciona,5.0,,
75,32977685024,U***k,UA,,5.0,,
76,32977685024,M***a,RU,"Entrega a sochi, súper rápido 12 días. Todo está intacto. Como se añadirá en seco. Lucky probablemente no llegará pronto) y en la foto todo lo que se intenta mostrar",5.0,,
77,32977685024,Anónimo,PT,,5.0,,
78,32977685024,S***a,RU,"Llegó intacto, embalado en un paquete simple, pero dentro de una bolsa de aire. La lámpara es Hermosa) todo funciona, los LED lo queman todo. En el caso no se ha probado. Además, todavía funciona desde el movimiento",5.0,,
79,32977685024,O***c,UA,Todo funciona.,5.0,,
80,32977685024,K***n,RU,"La lámpara realmente me gusta, corresponde a la descripción. Me puse bajo la acción y lo Compre por 0,66 muy satisfecho",5.0,,
81,32977685024,F***f,UA,,5.0,,
82,32977685024,Anónimo,MX,,5.0,,
83,32977685024,N***a,RU,,5.0,,
84,32977685024,A***a,RU,"La lámpara se produjo durante 3 semanas, entregando el servicio de mensajería. Calidad ordenada, seca normalmente durante 60 segundos. Pequeño en tamaño y muy cómodo.",5.0,,
85,32977685024,K***a,UA,"La lámpara se llenó, funciona bien",5.0,,
86,32977685024,Anónimo,RU,,5.0,,
87,32977685024,M***u,CY,,5.0,,"Muy bueno, funciona perfectamente        23 Apr 2019 03:12 "
88,32977685024,Anónimo,RU,,5.0,,
89,32977685024,H***o,UA,"Gracias por el pedido, llegó rápidamente, en un mes, muy satisfecho",5.0,,
90,32977685024,.***.,UA,Como todo funciona,5.0,,
91,32977685024,P***a,BR,,5.0,,
92,32977685024,S***n,RU,"La lámpara funciona bien, es una pena que en el interior del rasguño, lo más probable es que de la fuente de alimentación, que no frota nada",5.0,,
93,32977685024,M***r,IL,La lámpara funciona ya que se seca. aún no lo sé.,5.0,,
94,32977685024,Anónimo,BY,,5.0,,
95,32977685024,P***a,RU,"Envío súper rápido: 14 días. Todo funciona, todas las luces están encendidas. En el trabajo no he usado la forma de añadir comentarios.",5.0,,
96,32977685024,B***r,BY,,5.0,,
97,32977685024,U***r,UA,"Los productos zaebumba, 5/5 por tal precio, todo funciona bien, llegaron a kharkov en alguna parte durante 2 semanas",5.0,,
98,32977685024,D***a,ES,,5.0,,supervisor bueno!!! llegó rápido y seguro. estoy muy conforme.        21 Apr 2019 10:44 
99,32977685024,E***o,RU,"Lámpara elegante. Puedes secar los 5 dedos a la vez, ya que los diodos se instalan alrededor del perímetro de la lámpara. Secar rápidamente",5.0,,
100,32977685024,S***a,RU,Todo funciona,5.0,,
101,32977685024,Anónimo,BY,,5.0,,
102,32977685024,D***d,BY,¡Excelente producto!,5.0,,
103,32977685024,K***k,FR,Estoy muy feliz el y ariver rápidamente ke espera odiarlo para usarlo,5.0,,
104,32977685024,R***a,RU,"Vino durante un mes, entregó el servicio de mensajería. Todo en stock, funciona. ¡Buen vendedor!)",5.0,,
105,32977685024,R***k,RU,,5.0,,
106,32977685024,O***a,LV,"Lámpara excelente, todo está bien, el pedido está muy satisfecho. El paquete llegó súper rápido.",5.0,,
107,32977685024,Anónimo,UA,"La lámpara funciona cuando aprietas el botón, cuenta atrás. Los productos llegaron en un paquete empolvado, llegaron en 3 semanas. Un inconveniente no es un botón encendido. Al final del tiempo la pantalla está en 00.y todavía tiene que llamar a la fuente de alimentación en algún lugar. Espero que seque bien el gel. Si está satisfecho.",5.0,,
108,32977685024,Anónimo,RU,,5.0,,"Pedido entregado muy rápidamente menos de 3 semanas. Entregado por mensajería, perfectamente embalado, sin daños. El vendedor puso un cupón de regalo por 2 $. Muy bonito, haré un pedido de nuevo.        25 Apr 2019 11:00 "
109,32977685024,L***a,RU,Muy bien empaquetado,5.0,,
110,32977685024,V***n,RU,"El secador es muy bueno, con un sensor, una bandeja de mano, funciona. Se seca bien. Como de costumbre, el sdec falla. Por qué es necesario si es peor que ""post ruso"". Tonto completo",5.0,,
111,32977685024,K***a,PL,,5.0,,
112,32977685024,E***o,RU,"Lámpara elegante. Puedes secar los 5 dedos a la vez, ya que los diodos se instalan alrededor del perímetro de la lámpara. Secar rápidamente",5.0,,
113,32977685024,E***a,RU,"Entrega por un par de semanas, a la puerta, mensajería, todo funciona, gracias por el gran",5.0,,"Cierra el sensor, funciona solo a través de los botones, un poco no conveniente en funcionamiento, pero no es crítico, se despierta en un minuto incluso cualquier gel duro        23 Jun 2019 13:06 "
114,32977685024,M***s,CR,,5.0,,
115,32977685024,V***h,UA,,5.0,,
116,32977685024,L***v,RU,"Lámpara genial, vino por mensajería. Menos-sin embalaje, en un paquete delgado y en un bolsillo de aire. Es decir, para vender bastante problemático. El cordón es corto, incorporado. He comprado a petición de mi esposa, dice que el producto es excelente, lo tomaremos en esta tienda. Tal vez vendamos el antiguo.",5.0,,
117,32977685024,Anónimo,CL,muy buen producto!,5.0,,
118,32977685024,R***a,IL,,5.0,,
119,32977685024,Anónimo,UK,¡Me encanta!,5.0,,
120,32977685024,R***r,RU,Envío por mensajería a la empresa de mensajería de 1 mes. ¡Funciona bien!,5.0,,Envío a krasnodar por mensajería 1 mes. ¡Funciona bien!        27 Apr 2019 12:07 
121,32977685024,C***K,ES,,5.0,,
122,32977685024,U***d,UA,,5.0,,"5 estrellas El paquete llegó rápidamente satisfecho con la lámpara   Queda por recoger shilak        20 Apr 2019 01:54 "
123,32977685024,A***a,RU,Todo funciona bien. Exactamente un mes de entrega.,5.0,,
124,32977685024,S***n,TH,,5.0,,
125,32977685024,Anónimo,RU,Clase,5.0,,
126,32977685024,O***a,RU,"El producto corresponde a la descripción, todo funciona. Recomendado por el vendedor.",5.0,,
127,32977685024,L***n,RU,Todo funciona. Entrega a mosk. Obl menos de un mes por mensajería,5.0,,
128,32977685024,R***t,RU,"Gracias, muy satisfecho, solo estoy en Shock, pedido para 0,67 kopecks llegó rápidamente y también el mensajero llevó a casa Asesoramiento al vendedor, muchas gracias, embalado bien incluso mejor de lo esperado",5.0,,
129,32977685024,R***r,RU,,5.0,,
130,32977685024,C***e,FR,,5.0,,
131,32977685024,N***a,BY,"¡Envío alrededor de 24 días! La lámpara es buena, con un temporizador de 30,60, 90 segundos Hay sensores de movimiento, lo que es muy conveniente",5.0,,
132,32977685024,N***y,BY,,5.0,,
133,32977685024,K***a,PL,Parece bastante guay,5.0,,
134,32977685024,A***y,US,,5.0,,
135,32977685024,M***a,BY,"Todas las luces están encendidas. Funciona sin sonido, para movimiento. Lo recuerda recientemente. En general, no está mal para tal dinero. No he probado la funda.",5.0,,
136,32977685024,A***a,UA,"La lámpara es estupenda, todo funciona. ¡Embalado simplemente súper! Recomendado por el vendedor",5.0,,"Los productos y la entrega están satisfechos, embalados en un paquete especial muy bueno. + cupón para 2 y descuentos del vendedor. Lo recomiendo        20 Apr 2019 04:55 "
137,32977685024,I***a,RU,¡Súper!,5.0,,
138,32977685024,P***p,RU,Comprobado todo funciona,5.0,,
139,32977685024,U***a,UA,,5.0,,"La lámpara es excelente, empacada a nivel. Pero la entrega de un mes y medio (en Ucrania, al mes, caminaba... Traje el mensajero a casa. Lo recomiendo        10 May 2019 05:11 "
140,32977685024,K***s,UA,,5.0,,
141,32977685024,V***a,BY,A Bielorrusia 37 días. Bien empaquetado. Vino sin daños. Todos los diodos funcionan. Recomendamos al vendedor.,5.0,,
142,32977685024,R***r,RU,Gran lámpara. Se seca bien. La entrega es rápida. Lo recomiendo,5.0,,
143,32977685024,A***c,AU,Buen tamaño y peso. Muy feliz,5.0,,
144,32977685024,T***r,NZ,,5.0,,
145,32977685024,O***b,FR,,5.0,,
146,32977685024,V***a,RU,,5.0,,
147,32977685024,Z***n,RU,"La lámpara viene con entrega a domicilio (muy Feliz) empacada en una bolsa de aire, la lámpara funciona, no se mantiene en el negocio. En este momento el producto está satisfecho",5.0,,
148,32977685024,Anónimo,CL,El pedido llegó en menos de tres semanas. Aún no la utilizo.,5.0,,
149,32977685024,K***n,IL,,5.0,,
150,32977685024,Anónimo,RU,,5.0,,
151,32977685024,S***v,BY,Bueno,5.0,,
152,32977685024,T***a,RU,,5.0,,
153,32977685024,Anónimo,BY,"Puse 5 estrellas. Los productos son buenos, el vendedor los envió inmediatamente, llegó todo a tiempo, bien embalado, todo funciona. Sigue poniendo el código promocional por $2, un buen regalo. Recomendado por el vendedor.",5.0,,
154,32977685024,C***c,CL,Muy bueno,5.0,,
155,32977685024,E***a,RU,,5.0,,
156,32977685024,Anónimo,ES,"una semana de envío solo. aún no lo he probado, pero tiene muy buena pinta.",5.0,,
157,32977685024,R***o,RU,"Estoy encantado, muchas gracias, los productos recibidos a través del servicio de mensajería, exactamente a tiempo, todo funciona, embalado perfectamente. Todavía no puedo creer, sí por tal precio...",5.0,,
158,32977685024,V***s,PT,,5.0,,
159,32977685024,R***l,RU,La lámpara llegó en un mes. La lámpara está feliz.,5.0,,
160,32977685024,R***a,RU,"Todo llegó, gracias al vendedor, pedido por un centavo, ya que soy un nuevo comprador. Gracias.",5.0,,
161,32977685024,U***h,RU,Bien.,5.0,,
162,32977685024,A***k,BY,,5.0,,
163,32977685024,B***r,BY,,5.0,,
164,32977685024,C***g,JP,,5.0,,
165,32977685024,S***s,UA,"Lámpara genial, todo funciona, ¡especialmente recibido como regalo!) El vendedor empacó muy confiablemente, también puso en el paquete un cupón por 2 $. ¡Gracias!",5.0,,
166,32977685024,N***n,MX,"Buen producto, igual a la descripción. Llego en 36 días, bien protegido. no la he probado pero enciende bien.",5.0,,
167,32977685024,R***r,RU,"Entregado. Buen dispositivo.",5.0,,
168,32977685024,Anónimo,UA,El producto otrimala shvidko .. En el robot no se rompe ..,5.0,,
169,32977685024,R***a,RU,,5.0,,
170,32977685024,A***r,KZ,,5.0,,
171,32977685024,R***a,RU,La lámpara se recibió rápidamente. Entregado el servicio de mensajería. ¡El vendedor lo recomienda! Entrada Usb. Poner Lima para comentarios,5.0,,
172,32977685024,R***s,RU,Todas las normas,5.0,,
173,32977685024,Anónimo,UA,¡Gracias!,5.0,,
174,32977685024,L***s,PT,,5.0,,
175,32977685024,Anónimo,UA,"Zamovila 27,03 rechazado 06,04. No vi tal entrega. Suelo suelo en alieksпрес esa lámpara meni almuerzo en 0,01 $ (znizhka víd alieksпрес en La Perla compra)",5.0,,
176,32977685024,H***h,UA,"La lámpara llegó en 3 semanas, se la llevó a casa. En Ucrania entrega por correo nuevo. Se empacó en una bolsa con aire, entero. Todo funciona bien. La longitud del cable es de 80 cm. El temporizador muestra el tiempo restante, la lámpara misma se apaga cuando se acaba el tiempo. El apagado y la activación se produce pulsando el botón de tiempo. El botón opcional on/off no. La pantalla se ilumina inmediatamente cuando enciendes la red. Conéctate a la red a través de un cable usb.",5.0,,
177,32977685024,I***a,PT,El amor es perfecto y el precio al que fue genial,5.0,,
178,32977685024,Anónimo,PT,,5.0,,
179,32977685024,Anónimo,CZ,,5.0,,
180,32977685024,V***v,RU,,5.0,,
181,32977685024,A***a,RU,"Todo funciona, sensor de movimiento, no viene ninguna caja",5.0,,
182,32977685024,Anónimo,RU,El paquete llegó en 11 días. El vendedor envió inmediatamente. La lámpara está frita como un reactor atómico. Gel y goma laca seca con una explosión. Recomendar vendedor y producto,5.0,,
183,32977685024,C***a,MD,"¡La lámpara es genial, gracias al vendedor!",5.0,,
184,32977685024,P***n,RU,"¡Todo está bien! Traje el servicio de mensajería a casa, entrega a kaluga unos 20 días, embalado en un paquete y una muñeca. ¡Todo funciona! El sensor de movimiento reacciona, cuenta del temporizador) Estoy muy satisfecho",5.0,,
185,32977685024,Anónimo,NG,,5.0,,
186,32977685024,T***a,RU,"Mes. El correo Ems ha llamado, el mensajero ha llegado a la casa. Paquete de la región de g. Lyubertsy Moscú. Lámpara funciona, cable sin entrada de enchufe usb",5.0,,
187,32977685024,I***n,RU,,5.0,,
188,32977685024,K***a,RU,"Lámpara elegante, vale la pena tu dinero, ¡Gracias!",5.0,,¡Belleza!        10 May 2019 12:40 
189,32977685024,O***Z,RU,,5.0,,
190,32977685024,V***v,BY,,5.0,,
191,32977685024,E***a,RU,"¡Pedido para la acción de 67 kopeks! He pensado que no vendría. Traje el mensajero a mis manos) la lámpara está cuidadosamente embalada en un paquete con burbujas enormes, no hay olor, todo funciona. ¡Muy satisfecho tanto con los productos como con la actitud hacia el comprador! Lo recomiendo de forma clara",5.0,,
192,32977685024,Anónimo,UA,"Entrega rápida, artículos de calidad, recomendar",5.0,,
193,32977685024,D***d,KR,,5.0,,
194,32977685024,M***a,CL,"buenísima me encanto, igual que la descripción.",5.0,,
195,32977685024,G***r,TR,"El pedido está satisfecho, el vendedor responde bien empaquetado... El pedido llegó sin daños",5.0,,
196,32977685024,N***a,ZA,,5.0,,
197,32977685024,M***o,CO,Funciona muy bien es pequeño y queda apenas para mano,5.0,,
198,32977685024,A***n,UA,,5.0,,
199,32977685024,R***l,RU,"La lámpara es compacta. 15 ledes. Presupuesto. Comprado por 400 rublos. Cerrado desde todos los lados. Todo funciona. De usb. Enchufe adecuado desde el teléfono. Carga. 30, 60, 90 segundos o sensor de movimiento incluye. El vendedor es excelente y las lámparas también. He comprado dos, ambos dispuestos. Todo como en la descripción. Empaquetado excelente. Paquete soplado, al menos puedes jugar al fútbol) especial gracias al vendedor por el cupón de descuento por 2 dólares.",5.0,,
200,32977685024,Y***a,RU,"¡Se ve bien! El empaquetado era normal, conectado a la red-funciona, de hecho no lo intentamos de nuevo, más tarde añadiré una revisión",5.0,,
201,32977685024,O***o,RU,"La lámpara llegó rápidamente, el servicio de mensajería se entregó a la casa. Todo funciona bien, el vendedor agradece el cupón por otros 2 $",5.0,,No se seca.        19 May 2019 05:12 
202,32977685024,G***r,RU,"La Pascua era de aproximadamente un mes, traída por un mensajero a la casa. Al principio todo funcionó bien, después de que dos usos el sensor de movimiento se rompiera",5.0,,
203,32977685024,V***e,RU,"La lámpara llegó durante un mes, la pista fue rastreada. Todas las lámparas están encendidas, de hecho no lo he probado",5.0,,
204,32977685024,R***k,RU,Entrega rápida. El artículo está de acuerdo con la descripción.,5.0,,
205,32977685024,A***o,NI,"Estoy muy satisfecho con este producto, excelente vendedor. Recomendado :)",5.0,,
206,32977685024,C***c,RU,Todo súper,5.0,,Todo funciona. Todo súper        25 Apr 2019 12:15 
207,32977685024,M***a,CL,,5.0,,
208,32977685024,M***k,UA,"La lámpara llegó bien embalada, todo funciona, el vendedor puso el cupón en $2 recomendado como un buen vendedor. En zhitomir Ucrania llegó en 3 semanas Le recomendamos al vendedor que abandone los servicios de utec Logística ya que esta empresa entrega artículos durante mucho tiempo, vaya a ukrposta.",5.0,,¡No envíe el pedido al transportista UTEC! Pelean contra paquetes y tienen problemas con la aduana        17 Apr 2019 23:40 
209,32977685024,S***n,RU,"Entrega por mensajería a la puerta, todo funciona, gracias al vendedor",5.0,,
210,32977685024,P***a,BH,it works and all .. but i dont find it usefull .. only for nail painting not nail making,4.0,,
211,32977685024,P***r,RU,,5.0,,
212,32977685024,D***d,AR,,5.0,,
213,32977685024,F***f,UA,Kour'er prinis posilku pid budino) ¡lo mejor! Tío,5.0,,
214,32977685024,A***a,FR,,5.0,,
215,32977685024,L***a,RU,Bien.,5.0,,
216,32977685024,G***o,RU,"Buena lámpara. Todo se muestra. Bombillas de 30,60, 90 segundos todas funcionan. Excelente embalaje, almohada soplada. Entrega por correo al apartamento. 24,04 pedido 26,05 entregado. No he probado el caso, pero espero que todo esté bien. Muchas gracias al vendedor.",5.0,,"Gracias, se seca perfectamente.        30 May 2019 11:10 "
217,32977685024,R***d,RU,"Todo se produjo como en la descripción de los productos  Yna",5.0,,
218,32977685024,N***a,US,,5.0,,
219,32977685024,W***e,RU,,5.0,,
220,32977685024,M***a,KZ,"Todo está bien para el cupón muchas gracias, le aconsejo que el vendedor sea excelente.",5.0,,
221,32977685024,P***e,PL,,5.0,,
222,32977685024,Anónimo,RU,Brillante,5.0,,
223,32977685024,Anónimo,JP,,5.0,,
224,32977685024,K***a,RU,,5.0,,
225,32977685024,A***n,AM,El producto es bueno. ¡Pero con él no había adaptador! ¡Y el tamaño es pequeño! ¡Con él había un cupón!,5.0,,Pozo seco        22 Apr 2019 06:36 
226,32977685024,S***s,RU,,5.0,,
227,32977685024,R***u,RU,Todo súper,5.0,,
228,32977685024,B***a,PT,,5.0,,
229,32977685024,E***a,RU,,5.0,,
230,32977685024,Anónimo,RU,El paquete llegó en 11 días. El vendedor envió inmediatamente. La lámpara está frita como un reactor atómico. Gel y goma laca seca con una explosión. Recomendar vendedor y producto,5.0,,
231,32977685024,M***v,RU,"¡Gracias, vendedor! Los productos se envían rápidamente. Todo funciona. La laca de Gel se seca durante 30 segundos. ¡La esposa es muy feliz! ¡Recomendar Artículo y vendedor!",5.0,,
232,32977685024,K***S,UA,"La lámpara llegó a shvidko. Embalado en un paquete. Cable Usb, la unidad no es (el precio, en el robot no se ha roto",5.0,,
233,32977685024,R***r,RU,,5.0,,
234,32977685024,Anónimo,CA,,5.0,,
235,32977685024,A***a,BR,"¡Llegó en menos de un mes, gran producto, bien empaquetado, como imagen, maravilloso, amado.!",5.0,,Ótimo        03 May 2019 03:08 
236,32977685024,V***v,UA,"Llegó en dos semanas, entregado directamente a la casa)",5.0,,
237,32977685024,G***k,RU,La descripción corresponde. El paquete pasó un poco más de un mes. Entregado por mensajería. En el trabajo (secado) todavía no se ha comprobado.,5.0,,
238,32977685024,Y***G,KR,Barato-espero que compró el ㅎㅎ,5.0,,
239,32977685024,R***l,RU,"Gracias al vendedor, la lámpara llegó rápidamente, la condición es excelente, todo funciona. Recomendado por el vendedor",5.0,,
240,32977685024,N***a,AL,,5.0,,
241,32977685024,A***y,US,,5.0,,
242,32977685024,E***h,RU,"Lámpara súper, llevó al mensajero al trabajo, todo funciona, se seca bien",5.0,,
243,32977685024,G***o,KZ,"Había un paquete de más de un mes de pedido 26.03.19-8.05.19 ya estaba en la oficina de correos. La lámpara se llenó, funciona. Todavía no sé cómo secar, no lo comprobé. En general, mientras estoy feliz.",5.0,,
244,32977685024,O***a,PL,,5.0,,
245,32977685024,A***a,MX,"Funciona muy bien, falta probar si seca las uñas bien",5.0,,
246,32977685024,G***g,FR,Haz lo que se le pide es decir esmalte de uñas seco. Precio correcto,4.0,,
247,32977685024,R***e,RU,"¡El vendedor es excelente! Los productos llegaron en menos de un mes en rostov-on-don, seguimiento. El mensajero lo llevó directo a casa. ¡Todo funciona, soy feliz! Ordenaré más en esta tienda. ¡Muchas gracias!",5.0,,
248,32977685024,A***a,PL,Entrega muy rápida. El producto cumple con la descripción. Recomendar,5.0,,
249,32977685024,N***a,EE,,5.0,,
250,32977685024,Anónimo,PL,,5.0,,
251,32977685024,P***k,BY,"Entrega un poco más de un mes, todo funciona, gracias",5.0,,
252,32977685024,R***m,RU,"La lámpara llegó rápidamente, semanas 2 antes de belgorod. El servicio de mensajería ha llamado, se ha puesto a trabajar (sin cargo). Me sorprendía que los productos vinieran a la oficina de correos, pero es aún mejor) la lámpara no es grande en tamaño, pero es suficiente, se enciende, funciona, se Embaló en un material muy denso, todo se llenó. En el interior hay pequeñas impresiones negras, pero esto no es crítico (la lámpara se llevó a casa). En general, soy feliz, ¡Vamos a ver cómo funciona! Gracias al vendedor por la entrega rápida y también por mensajería)",5.0,,
253,32977685024,F***f,UA,¡Muy bien! ¡Привіз pollos єр додому arriba Львова близько 25 днів! ¡Todos працює que дуже задоволена!,5.0,,
254,32977685024,Anónimo,TR,Es muy bonito,5.0,,
255,32977685024,C***c,PE,,5.0,,
256,32977685024,Anónimo,ES,Muy bien. Como se describe y como en las fotos. Buen embalaje. El esmalte normal lo seca a la perfección en 4 minutos y medio.,4.0,,
257,32977685024,Y***a,RU,"La lámpara es excelente, se seca demasiado bien.",5.0,,
258,32977685024,Anónimo,RU,"La lámpara funciona según lo establecido por el vendedor, envuelto en un inflado, el vendedor lo recomienda, lo recibió muy rápidamente y lo rastreó en la pista",5.0,,
259,32977685024,E***h,RU,"La lámpara funciona, el temporizador se enciende .. Chips, sin arañazos, bien embalado. Como se ha secado, no diré que no hubo tiempo para intentarlo, espero, no fallará.",4.0,,
260,32977685024,V***a,RU,,5.0,,
261,32977685024,G***g,RU,,5.0,,
262,32977685024,L***b,UA,"Recibí esta lámpara por solo $0,01. El paquete llegó en 26 días, perfectamente empaquetado. Para ser honesto, ni siquiera lo encendí. Cuando encuentre una fuente de alimentación, añadiré un consejo. Hasta que me encienda, me da miedo no quemarlo.",5.0,,
263,32977685024,M***t,RU,,5.0,,
264,32977685024,Anónimo,UA,"¡Muchas gracias, la lámpara es estupenda!",5.0,,
265,32977685024,D***y,ES,"Muy buen producto por su precio, aunque le falta el adaptador a la pared, tiempo de recepción súper rápido",4.0,,
266,32977685024,Anónimo,ES,,5.0,,
267,32977685024,L***a,CZ,,5.0,,
268,32977685024,T***a,RU,"La lámpara le gusta, menos-el cable se vierte en la lámpara, me gustaría con un cable separado-si de pronto che-al menos cambiaría el cable, y así, la lámpara tendrá que cambiar.",5.0,,
269,32977685024,M***m,UA,"El paquete se recibió en un mes, el mensajero lo llevó a casa. La lámpara estaba perfectamente embalada, sin daños. Todo según la descripción. Gracias al vendedor.",5.0,,
270,32977685024,G***d,KZ,"Todo es exactamente como en la descripción. Muy bien empaquetado. Todo funciona. Muchas gracias al vendedor. Me gusta todo, ¡Definitivamente ordenaré más!",5.0,,
271,32977685024,M***o,UA,,5.0,,
272,32977685024,G***r,RU,"Pasó rápidamente, todo funciona. Gracias.",5.0,,
273,32977685024,M***v,MD,,5.0,,
274,32977685024,C***u,FR,"Muy bien recibido y bien empaquetado. Funciona muy bien, pero se prueba correctamente a tiempo",5.0,,
275,32977685024,Anónimo,RU,,5.0,,
276,32977685024,B***l,BY,"Empaquetado fresco, todo funciona, se produjo rápidamente. Respeto del vendedor.",5.0,,"Hoy he hecho manicura, ¡todo es genial!        12 May 2019 03:49 "
277,32977685024,R***l,RU,,5.0,,
278,32977685024,E***o,RU,Muchas gracias a todos muy guay soy feliz,5.0,,
279,32977685024,R***r,RU,,5.0,,
280,32977685024,R***i,RU,"La lámpara es muy buena, llevó el mensajero a la casa. Embalado muy bien, gracias al vendedor por los productos de calidad y por la entrega rápida",5.0,,"La lámpara es genial, llegó a Moscú en 15 días, el servicio de mensajería llegó a la puerta. Gracias al vendedor por los buenos productos y por la rápida entrega...        17 Apr 2019 04:26 "
281,32977685024,I***Z,ES,,5.0,,
282,32977685024,B***z,ES,"Ha llegado en 10 días, muy rápido el envío, funciona muy bien, no lo he probado en las uñas así que no sé cómo seca",5.0,,
283,32977685024,R***a,RU,,5.0,,
284,32977685024,D***d,UA,,5.0,,
285,32977685024,A***a,RU,La lámpara funciona .. Todo bien empaquetado .. ¡El vendedor es excelente!,5.0,,
286,32977685024,G***m,UZ,La lámpara de buen temporizador funciona correctamente,5.0,,
287,32977685024,R***r,RU,,5.0,,
288,32977685024,E***v,RU,Está bien. Recomendado por el vendedor. El pedido vino de china a samara durante tres semanas. Seguimiento de seguimiento. Lo recomiendo.,5.0,,
289,32977685024,Anónimo,US,"Este producto era mucho mejor calidad de lo que yo esperaba. Tiene un temporizador de recuento que se activa automáticamente cuando pones la mano en él. Utiliza el puerto USB para la alimentación, por lo que es fácilmente portátil. Estoy muy satisfecho con este producto.",5.0,,
290,32977685024,T***a,RU,,5.0,,
291,32977685024,M***m,RU,,5.0,,
292,32977685024,F***n,RU,"Gran producto. Enviado rápidamente. Buen vendedor. ",5.0,,
293,32977685024,M***a,RU,"La lámpara entregó el servicio de mensajería al lugar de trabajo. Embalado muy bien, en bolsa de plástico de aire inflado. Todas las lámparas uv funcionan, pantalla táctil, 3 modos 30, 60 y 90 segundos. Gracias, super, te recomiendo al vendedor. Gracias por el cupón de $2,0.",5.0,,
294,32977685024,Anónimo,RU,,5.0,,
295,32977685024,N***a,RU,"La lámpara llegó durante un mes, la llevó a la oficina de correos. ¡Funciona bien!",5.0,,
296,32977685024,E***a,RU,"Los productos llegaron a la región de voronezh durante 10 días, la lámpara es excelente, todo funciona. El vendedor agradece la entrega rápida mega.",5.0,,
297,32977685024,Anónimo,RU,,5.0,,
298,32977685024,L***z,ES,,5.0,,
299,32977685024,R***r,RU,,5.0,,
300,32977685024,L***s,ES,"Perfecta, totalmente recomendable, me encanta, tal y como sale en la foto, me ha llegado antes de tiempo, la he probado y va super bien.",5.0,,
301,32977685024,D***d,UA,"Mercancía recibida. Entrega al mes de Ucrania. Todo como, gracias.",5.0,,
302,32977685024,E***a,RU,"Excelente lámpara, funciona correctamente, corresponde completamente a la descripción. Llegó rápidamente. Se entrega el correo directamente al apartamento. Soy muy feliz. El vendedor es excelente. Te aconsejo mucho.",5.0,,
303,32977685024,R***g,RU,"La estufa cuesta 67 kopecks como nuevo comprador, entrega rápida a kemerovo 2 semanas. Embalado en una bolsa de polietileno similar a un colchón, todo inflado. Todo está en orden de funcionamiento, la descripción corresponde. No me comuniqué con el productor. Recomendamos la estufa.",5.0,,
304,32977685024,A***a,RU,"He pedido 27,04 y he llegado 17,05 a portugal, en general la entrega es normal. No hay mucha abolladura en plástico, aunque está bien empaquetado. El cupón no recibió del vendedor, como muchos escribieron que vino. Todavía no lo he probado, añadiré un Consejo más tarde. ¡Gracias!",5.0,,
305,32977685024,T***g,US,,5.0,,
306,32977685024,R***r,RU,"Todo funciona, se entrega a tiempo, entrega por mensajería directamente al apartamento. Lo recomiendo.",5.0,,
307,32977685024,F***z,UA,"Buen vendedor, entregado rápidamente",5.0,,
308,32977685024,Anónimo,CZ,,5.0,,
309,32977685024,P***k,PL,,5.0,,
310,32977685024,Anónimo,US,,5.0,,
311,32977685024,A***a,RU,"Lámpara excelente para dinero pequeño, todo funciona, entrega un poco menos de un mes",5.0,,
312,32977685024,O***o,RU,¡Muy guay! ¡Secar bien! Soy feliz en 5 +,5.0,,
313,32977685024,Anónimo,ES,"lámpara muy práctica y pequeña, fácil de llevar, muy liviana.",5.0,,
314,32977685024,A***s,ES,,5.0,,
315,32977685024,D***a,RU,Para nizhny novgorod fue un poco más de un mes. Se seca bien a tal precio. Muy ligero. Bien empaquetado. Todavía tengo un buen bonus-entrega por correo a casa),5.0,,
316,32977685024,A***r,CZ,Conduje 3 semanas hasta San Valentín. El vendedor envió solo en 4 días los productos.,3.0,,Las imágenes de la lámpara son mucho más        17 Apr 2019 14:32 
317,32977685024,S***o,UA,,5.0,,
318,32977685024,N***b,TR,Gracias mi pedido está intacto y llegó en 15 días,5.0,,
319,32977685024,Anónimo,CA,Está muy bien empaquetado y funciona bien. ¡Gracias al vendedor!,5.0,,
320,32977685024,A***r,BY,,5.0,,
321,32977685024,U***o,UA,,5.0,,
322,32977685024,F***r,UA,"Buena lámpara, chica es feliz",5.0,,
323,32977685024,D***r,NL,,5.0,,
324,32977685024,E***a,RU,"Los productos llegaron a la región de voronezh durante 10 días, la lámpara es excelente, todo funciona. El vendedor agradece la entrega rápida mega.",5.0,,
325,32977685024,A***Z,CL,llegó una que estaba estropeada y remendada,4.0,,
326,32977685024,M***e,MA,,5.0,,
327,32977685024,Anónimo,RU,"La lámpara es muy ligera, el sensor de movimiento funciona, la pantalla se muestra. Solo un cordón muy corto. Las uñas aún no se han secado, pero están incluidas y comprobadas si funcionan o no. Embalado en bolsa de aire, llegó rápidamente, rastreado.",5.0,,
328,32977685024,Anónimo,RU,"Llegó el pedido. Tomado como un regalo, todavía no Probado. todo es bueno solo malo que sin una caja.",5.0,,
329,32977685024,Anónimo,PL,"Compatible con el producto, gran laca utwierdza. Lámpara súper asegurada por daños. Recomendamos la mayoría.",5.0,,
330,32977685024,O***h,RU,"¡Lámpara súper! Hay sensores de atenuación. Tiempo para 30,60, 90 min. La mano está arrugada completamente, compacta.",5.0,,
331,32977685024,R***m,RU,,5.0,,
332,32977685024,B***s,HU,,5.0,,
333,32977685024,A***a,RU,"¡Buenas noches! La lámpara llegó, en orden de funcionamiento. Empacado bien, todo completo. El temporizador funciona, el sensor de movimiento también. La lámpara en sí es ordenada, pequeña, ligera, milagrosa. ¡Muy feliz! ¡El vendedor te lo agradece, a ti también!",5.0,,
334,32977685024,U***e,UA,"Ordené que la lámpara 27.03.19 se encendió el 20.04.19, todo funciona, el producto está contento, le recomiendo al vendedor.",5.0,,
335,32977685024,Anónimo,TR,El cable usb es corto.,5.0,,
336,32977685024,A***A,RU,Todo es muy preciso. Trato de usar muy conveniente,5.0,,
337,32977685024,E***e,PL,,5.0,,
338,32977685024,Anónimo,RU,,5.0,,
339,32977685024,M***D,MD,"Seca bien, envía todo, estoy feliz",5.0,,
340,32977685024,U***v,UA,,5.0,,
341,32977685024,A***v,RU,"Durante mucho tiempo, por supuesto, un mes y medio. Pero todo funciona, me gusta todo",5.0,,
342,32977685024,U***b,UA,,5.0,,
343,32977685024,J***e,RU,,5.0,,
344,32977685024,P***p,RU,¡Todo es rápido y de alta calidad!,5.0,,
345,32977685024,Anónimo,ES,,5.0,,
346,32977685024,Y***s,RU,La lámpara es muy débil. El marido medido-¡no hay 36 vatios! El Gel no se seca. En la lámpara y en las instrucciones no está escrito incluso que la lámpara es de 36 w.,3.0,,
347,32977685024,I***i,UA,"No lo sé sin despertar Ala",5.0,,
348,32977685024,C***l,MX,"Nunca me llego mi lampara, jamás la he recibido como me informa el vendedor",1.0,,
349,32977685024,A***e,LV,,5.0,,
350,32977685024,Anónimo,RU,,5.0,,"Envío por mensajería, esperamos un mes        23 May 2019 05:33 "
351,32977685024,B***b,RU,¡Estoy encantado con ella! Compacto y espacioso) el sensor de movimiento funciona y el temporizador está bien. ¡Gracias!),5.0,,
352,32977685024,K***o,KR,,5.0,,
353,32977685024,E***a,BY,"La lámpara está bien embalada, iluminada (aún no se ha secado), el sensor reacciona al movimiento. Con el vendedor no se comunicaba (no era necesario-los productos se enviaron el día después del pedido, llegaron al rb durante un mes con una cola). Le aconsejo al vendedor.",5.0,,
354,32977685024,C***c,UK,Vino antes de lo esperado funciona muy bien cura gel duro esmalte y polygel estoy muy contento con esto,5.0,,
355,32977685024,Anónimo,CL,,5.0,,
356,32977685024,R***o,RU,,5.0,,
357,32977685024,M***a,KZ,"Estoy impactado. Lo he comprado para 0,68 kopeks. Comprada y olvidada. Y luego el servicio de mensajería me llama y dice que tienen un paquete para mí.) La lámpara es hermosa, se seca bien. Les aconsejo a todos.",5.0,,
358,32977685024,A***v,RU,,5.0,,
359,32977685024,Y***k,RU,"La lámpara es excelente, en omsk llegó durante 3 semanas, el servicio de mensajería la dio directamente en sus manos. Todo funciona bien y el temporizador se enciende automáticamente al colocar la mano en la lámpara. Para tal precio es simplemente excelente, compra sin dudarlo",5.0,,
360,32977685024,Anónimo,RU,,5.0,,
361,32977685024,C***a,AR,"Descripción y foto tal cual lo recibido!  el vendedor super recomendable el envoltorio para proteger el producto, llego perfecto. Enviado por el vendedor super rápido!!!",5.0,,
362,32977685024,O***l,UA,Enviado durante 2 días a Ucrania durante 21 días. Con los productos hay un cupón de descuento. Es bonito. Bien hecho.,5.0,,
363,32977685024,Y***a,RU,"Gracias al vendedor, aunque la lámpara y el bebé funcionan bien. Fue a irkutsk durante aproximadamente un mes. Traje el mensajero. Embalado perfectamente, nada dañado cuando se entrega. Como se indica, en la lámpara 15 ledes. Cable Usb, un poco corto, necesitas tirar del cable de extensión a la lámpara (si conectas el enchufe euro). En general, la lámpara es buena, para mí la mayor parte :)",5.0,,
364,32977685024,L***s,CL,,5.0,,
365,32977685024,L***s,ES,,5.0,,
366,32977685024,Anónimo,RU,Los productos se ven bien. Aún no se ha comprobado cómo funciona. Entregado el servicio de mensajería. Bien empaquetado.,5.0,,
367,32977685024,L***z,ES,,5.0,,
368,32977685024,A***e,RU,,5.0,,
369,32977685024,A***a,RU,"La lámpara vino, con un mensajero, muy rápidamente, le aconsejo al productor 5/5",5.0,,
370,32977685024,Anónimo,HR,,5.0,,
371,32977685024,P***a,LT,"Escribe que el paquete llegó al país de destino, pero hasta ahora no hay paquete. Kaneshno ahora a finales de julio de principios de agosto mucha gente de vacaciones, el correo puede ser lento para trabajar, o puede haber perdido el paquete que no sé que voy a esperar, puede enviar una copia. Hasta ahora la moda cambiará eso, con los pradovets hasta que me comunique",1.0,,
372,32977685024,S***n,MA,pas mal,4.0,,
373,32977685024,Y***a,RU,,5.0,,
374,32977685024,V***v,BY,Muchas gracias),3.0,,
375,32977685024,I***i,RU,"Todo está bien, la lámpara es buena, la entrega es casi rápida, especialmente lo tengo para el stock de 67 kopeks",5.0,,"La lámpara es de excelente calidad, todo es de secado fino, conveniente para el uso en el hogar. Ha llegado relativamente rápido.        09 May 2019 05:12 "
376,32977685024,A***r,FR,Excelente,5.0,,
377,32977685024,S***s,ES,"Lo compré por 2,01€ me encanta! Hace muy bien su trabajo, llegó muy bien envuelto y merece mucho la pena! Lo recomiendo’",5.0,,
378,32977685024,P***f,PL,,5.0,,
379,32977685024,Р***r,RU,Todos los envíos en funcionamiento 30 días,5.0,,Bueno        14 Jul 2019 07:47 
380,32977685024,R***k,AR,el producto fue pedido el 27 de marzo y llegó el 17 de julio! tardo muchísimo,1.0,,
381,32977685024,R***r,RU,,5.0,,
382,32977685024,I***a,RU,"Hasta rostov on don era de aproximadamente un mes. ¡Entrega por mensajería! Dries well polygel, shilak, pero el gel de camuflaje no se seca Ni siquiera dice que no tiene tiempo para fijar el flujo recto en la lámpara.",5.0,,
383,32977685024,F***o,ID,,5.0,,
384,32977685024,K***k,RU,,5.0,,
385,32977685024,Anónimo,ES,"El dinero dice que me volver ,esperando dos  semana, aun no recivido",1.0,,
386,32977685024,A***i,IT,,5.0,,
387,32977685024,Z***L,UK,,5.0,,
388,32977685024,I***h,RU,¡Gracias!,5.0,,
389,32977685024,R***o,RU,"¡Envío súper rápido! La calidad de los productos es muy buena. Embalado perfectamente en una bolsa inflada, para no dañarse durante el transporte. Se seca muy rápidamente. ¡Muchas gracias al vendedor! ¡Haz tu pedido!",5.0,,
390,32977685024,C***c,RU,"¡Tavar no vino, todos esperaron tres meses! ¡Dinero devuelto! No se recomienda",1.0,,
391,32977685024,M***m,PL,,5.0,,
392,32977685024,E***j,ES,La lámpara que llegó es muy diferente y diminuta. No se parece en nada a la de la imagen,1.0,,
393,32977685024,Anónimo,CL,,5.0,,
394,32977685024,L***A,RU,"La lámpara es buena, seca, todos los modos funcionan, se necesita 404 r. El más común, la entrega a la región de kursk menos de un mes-rápidamente.",5.0,,
395,32977685024,L***k,UA,,5.0,,El sensor de movimiento dejó de funcionar en un mes. La disputa no se puede abrir ya que han pasado 15 días desde la confirmación.        10 Jul 2019 04:56 
396,32977685024,M***a,UA,"Bien empaquetado. Compacto, cómodo, ligero. Experimenté en el trabajo-todo funciona bien. Compra satisfecho.",5.0,,
397,32977685024,O***o,KZ,"En Kazajstán vino durante 28 días, kokshetau, la lámpara no es mala por su precio, el barniz de gel se seca por un minuto, la parte superior y la base aún no lo han probado, el vendedor recomienda",5.0,,
398,32977685024,A***a,BY,Gracias al vendedor por el buen embalaje de los productos. Los productos duraron poco tiempo. La calidad corresponde al precio.,5.0,,
399,32977685024,E***a,RU,¡Gran lámpara! Mes de entrega a la región de chelyabinsk. Seguimiento en la publicación rusa. Empaquetado súper. Funciona muy bien. Gracias vendedor),5.0,,
400,32977685024,G***s,KZ,"La lámpara está bien embalada, completa, funciona.",5.0,,
401,32977685024,E***a,UA,La lámpara es estupenda. Gracias vendedor,5.0,,
402,32977685024,Anónimo,RU,"El paquete llevó el mensajero, le gustó la lámpara, ¡Gracias!",5.0,,
403,32977685024,A***o,CL,Llego muy rápido y en perfectas condiciones,5.0,,
404,32977685024,B***b,PL,Gracias a la lámpara como la descripción,5.0,,
405,32977685024,S***i,AU,"No se ha utilizado, dejará más comentarios después de usarlo.",5.0,,
406,32977685024,Anónimo,RU,Todo vino en excelentes condiciones y bien embalado,5.0,,
407,32977685024,R***a,PL,El lote futuro antes del tiempo está bien,5.0,,Polecam        02 May 2019 16:35 
408,32977685024,Y***k,RU,"Genial, gracias al vendedor",5.0,,Bien.        13 May 2019 02:23 
409,32977685024,Anónimo,RU,"Todo está bien, entrega el servicio de mensajería",5.0,,
410,32977685024,A***v,RU,,5.0,,
411,32977685024,Anónimo,PK,,5.0,,
412,32977685024,Anónimo,RU,,5.0,,
413,32977685024,R***k,RU,"Pedido para 67 kopeks, entrega alrededor de un mes, todo funciona, se seca al menos en un minuto",5.0,,
414,32977685024,Anónimo,RU,,5.0,,
415,32977685024,C***o,US,,5.0,,
416,32977685024,Anónimo,CO,"Espere durante meses, el producto no llegó; se realizó el respectivo reembolso.",1.0,,
417,32977685024,V***n,RU,"Pancake es la entrega más genial de china, veo un paquete tan apretado por primera vez, superrápidamente autorizado a tyumen llegó a 2 semanas y el servicio de mensajería se entregó directamente a casa. No hay interferencias en el producto en sí, todo funciona, ¡todo está bien!",5.0,,
418,32977685024,V***v,RU,,5.0,,
419,32977685024,Anónimo,RU,"Lo ordené a otra ciudad, así que no hay fotos, pero los productos vienen perfectamente embalados en un colchón inflable, ¡todo está bien! Y gracias al vendedor, muy responsable, ¡rara vez Vas a cumplir con esto! ¡Buen comercio!",5.0,,
420,32977685024,N***n,RU,"Un poco más de un mes de entrega A los Urales. Creo que las inscripciones no lo serán. Comprobé el encendedor del coche, todo funciona.",5.0,,
421,32977685024,G***g,RU,,5.0,,
422,32977685024,Anónimo,BR,,5.0,,
423,32977685024,Anónimo,RU,"¡La lámpara llegó en menos de un mes! ¡El mensajero ha llegado a casa! Muy satisfecho, ¡Muchas gracias!",5.0,,
424,32977685024,H***h,US,Nunca recibí mi paquete y se negaron a reembolsar mi dinero o mi artículo,1.0,,
425,32977685024,I***a,RU,"El producto corresponde a la descripción, entrega rápida por mensajería. Todo funciona. Gracias al vendedor.",5.0,,
426,32977685024,Anónimo,US,,5.0,,
427,32977685024,T***t,RU,"Muy fresco, entregado rápidamente por mensajería, perfectamente embalado",5.0,,
428,32977685024,S***a,RU,,5.0,,
429,32977685024,M***f,CL,pague por 3 unidades y recibí 1... el vendedor obligandome a que anule la disputa para asi devolver el dinero que hasta ahora no a devuelto!! horrible experiencia!!! es un ladrón No comprar acá,1.0,,es un ladrón... pague por 3 unidades y envió 1 y no quiere devolver el dinero... NO COMPRAR ACA        29 Jun 2019 10:59 
430,32977685024,И***в,RU,,5.0,,
431,32977685024,Anónimo,PL,,5.0,,
432,32977685024,P***p,PL,,5.0,,
433,32977685024,M***s,MD,"¡Gracias! La lámpara se ve como en la foto, todo funciona: un temporizador, un sensor de encendido, todas las bombillas brillan (qué tan bien comprobaré más tarde), llegó a bender transnistria (Moldavia) de 26,03 a 16,04. ¡Como un regalo un cupón para 2 dólares) Gracias muy bien!",5.0,,
434,32977685024,V***a,RU,El paquete llegó a la región de Leningrado durante más de tres semanas. La lámpara funciona. El producto corresponde a la descripción.,5.0,,
435,32977685024,R***m,RU,"La lámpara se entregó en casa, en el trabajo no lo intentamos, gracias",5.0,,
436,32977685024,A***n,US,"The sellers arr horrible w comunicación, todavía no he recibido un paquete que ordené hace más de un mes y todavía no me han reembolsado. No compres de ellos a menos que no te importe 0 comunicación.",1.0,,
437,32977685024,S***h,CL,,5.0,,
438,32977685024,N***n,RU,La entrega es ligeramente inferior a un mes. Traje el mensajero a casa. Funciona bien,5.0,,
439,32977685024,K***k,PL,,5.0,,
440,32977685024,S***s,JP,,5.0,,
441,32977685024,Z***z,LT,,5.0,,
442,32977685024,Z***z,UA,"Entrega 3 semanas. Comprado en stock por 60 uah. Funciona sin quejas, seca todo.",5.0,,
443,32977685024,S***a,RU,"La entrega se graba rápidamente (ver foto). La lámpara se seca, los pies de las manos entran. Solo uso para mí mismo. Cómo romper, añadiré una revisión)",5.0,,
444,32977685024,R***l,RU,"Gracias al vendedor, la lámpara llegó rápidamente, la condición es excelente, todo funciona. Recomendado por el vendedor",5.0,,
445,32977685024,D***v,UA,,5.0,,
446,32977685024,Anónimo,ES,,5.0,,
447,32977685024,M***a,PL,,5.0,,
448,32977685024,K***u,CY,,5.0,,
449,32977685024,F***n,RU,"Gran producto. Enviado rápidamente. Buen vendedor. ",5.0,,
450,32977685024,Anónimo,CL,,5.0,,
451,32977685024,A***o,BY,"El paquete no llegó, el vendedor cerró la disputa no a mi favor, el dinero me devolvió el sitio aliexpress. El vendedor no recomienda",1.0,,
452,32977685024,I***a,RU,"Muchas gracias, todo funciona, los productos llegaron rápidamente",5.0,,
453,32977685024,A***k,RU,"Fabricado en calidad. Comprobado, funciona, espero que dure mucho tiempo",5.0,,
454,32977685024,A***a,BR,,5.0,,
455,32977685024,Anónimo,UA,"El pedido no se recibe, el número de seguimiento es solo 2 estados. El vendedor probablemente dio un número de seguimiento falso, y el paquete no se envió.",1.0,,
456,32977685024,M***a,MD,,5.0,,
457,32977685024,U***a,UA,,5.0,,
458,32977685024,O***l,RU,"La lámpara llegó a algún lugar durante un mes, como una buena, añadiré una punta más tarde",5.0,,"Se ha descubierto que la lámpara funciona con el sensor de movimiento si no presionas el modo, solo tienes que pegar la mano y se enciende durante 99 segundos. Puedes elegir el tiempo de 30 a 90 segundos. El envío normal se secó desde Rusia. ¡Soy feliz!        24 Apr 2019 11:24 "
459,32977685024,N***a,BY,"Llegó a tiempo, la lámpara se seca durante mucho tiempo y no es muy buena. La mano debe mantenerse inclinada. Bueno, cuesta 1 centavo por el que he pagado. Aunque como principiante era posible y probarte a ti mismo en el mejor lado.",1.0,,"La lámpara generalmente no es nada, pero se seca mal.        31 May 2019 04:20 "
460,32977685024,A***v,RU,,5.0,,"Los productos llegaron rápidamente, de acuerdo con la descripción, funciona bien, hay un adaptador, ¡satisfecho con el vendedor! ¡Alex!        03 May 2019 19:22 "
461,32977685024,L***a,RU,Todo funciona rápidamente por mensajería,5.0,,
462,32977685024,V***d,UA,"Llegó muy rápidamente con una nueva entrega a la casa. Mientras se seca hasta que lo intente, pero todo se enciende, las lámparas están encendidas, el temporizador se enciende.",5.0,,
463,32977685024,J***t,US,,5.0,,
464,32977685024,O***o,RU,,5.0,,
465,32977685024,I***a,UA,,5.0,,
466,32977685024,U***v,UA,"Es una pena que sin un bloque llegue pitaniya ( Y así todo está bien)",5.0,,
467,32977685024,R***v,RU,Bien empaquetado. Funciona sin quejas. Le aconsejo al vendedor.,5.0,,
468,32977685024,Y***z,CL,excelente producto !! tardo como 2 semanas . excelente vendedor,5.0,,
469,32977685024,I***i,BY,"Embalado perfectamente) Pasó 2 meses) trabajos que no pueden sino alegrarse) la luz, sin fondo, viene solo con un cable usb) todo el mundo está contento-gracias al vendedor)",5.0,,
470,32977685024,K***d,MA,Je nai pas recu mon colis,1.0,,
471,32977685024,V***a,ES,Exactamente a lo que esperaba. Igual que en la foto. Gracias!,5.0,,
472,32977685024,J***e,US,"Acabo de recibir mi lámpara UV. Llegó rápidamente y parece funcionar bien. Tengo la intención de usar esto para curar la resina UV. Cuando pueda hacerlo, le daré una actualización de revisión sobre cómo funciona.",5.0,,"No sé por qué espero que sea una batería que puedas cargar y usar de forma inalámbrica, pero esa no es esa funda. El cable no es extraíble de la lámpara y es bastante corto, así que prepárate para usarlo muy cerca de donde lo Conectas. Funciona para curar la resina UV, así que en última instancia todavía estoy contento con esta compra.        04 Apr 2019 19:39 "
473,32977685024,Anónimo,UA,"La lámpara está bien embalada. Laca seca, he estado caminando durante una semana. Gracias)",5.0,,
474,32977685024,Anónimo,UA,,5.0,,
475,32977685024,Anónimo,RU,,5.0,,
476,32977685024,S***g,NZ,,5.0,,
477,32977685024,A***a,UA,"La lámpara llegó a kharkov durante 20 días, embalado perfectamente, entrega a las puertas, completamente servible, ¡Estoy muy feliz! Lo único que viene con un cable usb, así que tengo una lámpara que funcionará desde un ordenador portátil. De lo contrario, todo está bien.",5.0,,
478,32977685024,O***r,RU,,5.0,,
479,32977685024,C***s,PT,"¡El producto llegó en dos semanas más rápido de lo pensado! Toda la descripción, la luz LED apagada, así que toma la mano, el recuento disminuye cuando se selecciona y crece sin seleccionar. Bien empaquetado. Fue mi primera Compra en AliExpress y fue bien. No tenía necesidad de contactar con el proveedor.",5.0,,
480,32977685024,B***c,PL,O K,5.0,,O K        24 Jul 2019 11:04 
481,32977685024,I***a,RU,,5.0,,
482,32977685024,E***a,RU,,5.0,,
483,32977685024,C***c,CL,,5.0,,
484,32977685024,Anónimo,RU,"El embalaje es excelente, todo está intacto. Se seca bien: gel-barnices 30-60 segundos, base y top 90 segundos, pero algunos pueden y durante 60 segundos. La lámpara se rastreó a través de Rusia, fue un mes a ulyanovsk. En el paquete hay una instrucción en el idioma ruso. Hay un olor pequeño y el sensor infrarrojo no funciona, así que periódicamente tienes que sacar de la toma de corriente e insertarlo de nuevo para encenderlo de nuevo. Pero para tal precio es normal.",4.0,,
485,32977685024,L***a,RU,La lámpara se seca perfectamente.,5.0,,
486,32977685024,M***a,RU,"La lámpara funciona, el embalaje es bueno, ¡Gracias!",5.0,,
487,32977685024,Anónimo,RU,,5.0,,"Ordené 24.03.19. Los productos llegaron el, entrega por mensajería. Bien empaquetado, todo está intacto, todo funciona. Gracias vendedor)        18 Apr 2019 10:56 "
488,32977685024,Anónimo,LV,¡Genial! ¡!,5.0,,
489,32977685024,Anónimo,RU,,5.0,,
490,32977685024,N***a,RU,Estufa de calidad,4.0,,
491,32977685024,H***h,UA,,5.0,,
492,32977685024,L***l,RU,,5.0,,
493,32977685024,Anónimo,UA,,5.0,,
494,32977685024,G***k,RU,"Ok, brillantes potentes.",5.0,,
495,32977685024,O***a,RU,,5.0,,"Todo está bien empaquetado, funciona        10 Jun 2019 17:28 "
496,32977685024,D***a,PL,Súper calidad,5.0,,
497,32977685024,M***z,PY,¡Buen Producto!,5.0,,Genial.        11 Apr 2019 21:15 
498,32977685024,A***o,BY,Dobroi tavar... hutkaya dastashka,5.0,,
499,32977685024,E***G,SE,¡Súper lámpara!,5.0,,
500,32977685024,R***r,RU,,5.0,,
501,32977685024,R***l,BY,,5.0,,
502,32977685024,Anónimo,FR,,5.0,,
503,32977685024,L***o,LT,,5.0,,
504,32977685024,M***m,FR,,5.0,,Gran producto. Práctico y práctico. Asesoramiento al vendedor para un envío rápido        27 Apr 2019 07:37 
505,32977685024,Anónimo,RU,,5.0,,
506,32977685024,R***a,RU,,5.0,,
507,32977685024,L***o,IT,,5.0,,
508,32977685024,P***p,RU,,5.0,,
509,32977685024,R***r,RU,,5.0,,
510,32977685024,R***r,RU,,5.0,,
511,32977685024,Anónimo,NZ,,5.0,,
512,32977685024,Anónimo,KR,,5.0,,
513,32977685024,Anónimo,ES,,5.0,,
514,32977685024,A***s,US,,5.0,,
515,32977685024,Anónimo,CH,,5.0,,
516,32977685024,E***s,ES,,5.0,,
517,32977685024,E***e,ES,,5.0,,
518,32977685024,P***p,CL,,4.0,,
519,32977685024,M***e,IL,,4.0,,
520,32977685024,T***o,FR,,4.0,,
521,32977685024,J***m,US,,4.0,,
522,32977685024,E***a,PL,,4.0,,
523,32977685024,C***d,CL,,4.0,,
524,32977685024,T***f,TH,,4.0,,
525,32977685024,I***s,PL,,4.0,,
526,32977685024,K***k,RU,,4.0,,
527,32977685024,R***m,RU,,4.0,,
528,32977685024,G***r,UA,,4.0,,
529,32977685024,Anónimo,DE,,4.0,,
530,32977685024,R***t,RU,,4.0,,
531,32977685024,M***n,CL,,4.0,,
532,32977685024,Anónimo,PT,,4.0,,
533,32977685024,B***b,BY,,4.0,,
534,32977685024,Anónimo,RU,,4.0,,
535,32977685024,Anónimo,JP,,4.0,,
536,32977685024,Anónimo,CL,,5.0,,
537,32977685024,Anónimo,CL,,5.0,,
538,32977685024,R***r,RU,,5.0,,
539,32977685024,Anónimo,CL,,4.0,,
